Отделение,Меню на дату,Меню
Школьное,2018-11-22,https://connect.yandex.ru/forms/files?path=%2F11913%2F65c8da5dd793c7a493af5c6103f03ffb_menyu_na_22.11.2018g..pdf
Платное,2018-11-22,https://connect.yandex.ru/forms/files?path=%2F10598%2F84a4edd6ec54e373b06b5fa87080213d_22.11.pdf
2.11.2018g..pdf
Школьное,2018-11-21,https://connect.yandex.ru/forms/files?path=%2F10597%2F6b22f2ad96768b67c0715ae0f58a299a_21.11.2018g..pdf
8g..pdf
Платное,2018-11-21,https://connect.yandex.ru/forms/files?path=%2F11913%2Fe29f0a7811e4d7d6672f263359c7da95_21.11.pdf
g..pdf
8g..pdf
Платное,2018-11-20,https://connect.yandex.ru/forms/files?path=%2F10597%2F46e51ed0cdafa8bcff94f87d411e7e93_20.11.pdf
g..pdf
8g..pdf
Школьное,2018-11-20,https://connect.yandex.ru/forms/files?path=%2F10427%2F8f439436c8c67ef5feb34bc961fe7669_menyu_na_20.11.2018g..pdf
Дошкольное,2018-11-22,https://connect.yandex.ru/forms/files?path=%2F10600%2F6b6efac7026114eb0d9a8e94f421c1a4_2211.pdf
11.2018g..pdf
Дошкольное,2018-11-20,https://connect.yandex.ru/forms/files?path=%2F11913%2F1ebe3a75bf1c1d473289635d008269e4_2011.pdf
11.2018g..pdf
Дошкольное,2018-11-21,https://connect.yandex.ru/forms/files?path=%2F10597%2F02b43948917133983916fde2e4f65e0a_2111.pdf
11.2018g..pdf
Школьное,2018-11-23,https://connect.yandex.ru/forms/files?path=%2F10598%2F98a5a0bd1943880e483dad1da01cb49b_menyu_na_23.11.2018g..pdf
Платное,2018-11-23,https://connect.yandex.ru/forms/files?path=%2F10597%2F76568f7154a5ae1bd16d54a696d0944c_2311.pdf
23.11.2018g..pdf
Дошкольное,2018-11-23,https://connect.yandex.ru/forms/files?path=%2F10599%2Feb8990f4f4cbc87e83615f88931cec23_153650316013766613.jpg

Дошкольное,2018-11-23,https://connect.yandex.ru/forms/files?path=%2F10427%2Ffc72fc08f9cf4065f8d7a97d0e9190f9_safonova.pdf
6613.jpg

Школьное,2018-11-13,https://connect.yandex.ru/forms/files?path=%2F10599%2Feb8990f4f4cbc87e83615f88931cec23_153650316013766613.jpg


Платное,2018-11-06,https://connect.yandex.ru/forms/files?path=%2F10427%2Ffc72fc08f9cf4065f8d7a97d0e9190f9_safonova.pdf
66613.jpg


Дошкольное,2018-11-23,https://connect.yandex.ru/forms/files?path=%2F10427%2Ff911f4bdc39cf2b65d78e7d2a64b5395_menyu_na_23.11.pdf



Дошкольное,2018-11-26,https://connect.yandex.ru/forms/files?path=%2F10596%2F32f5a13bb4add9a54317286c14a710c1_261118detsad.pdf




Платное,2018-11-26,https://connect.yandex.ru/forms/files?path=%2F10427%2F208ad0b5ea2dc07c05a55692ca5d92b2_261118plat.pdf
pdf




Школьное,2018-11-27,https://connect.yandex.ru/forms/files?path=%2F42367%2F61a067a708618c28d043feaa8b5035a3_menyu_na_27.11.2018g..pdf
Платное,2018-11-27,https://connect.yandex.ru/forms/files?path=%2F10597%2Fa6ff32cd6a00c26203c4ec6eca612202_2711.pdf
27.11.2018g..pdf
Школьное,2018-11-26,https://connect.yandex.ru/forms/files?path=%2F42367%2Fa0c7da8681ccb9025c539753ec026306_menyu_na_26.11.2018g..pdf
Дошкольное,2018-11-27,https://connect.yandex.ru/forms/files?path=%2F42367%2F6e8d567f0eebbd0854f312e7bede06e3_271118set.pdf
18g..pdf
Дошкольное,2018-11-28,https://connect.yandex.ru/forms/files?path=%2F10427%2Fd567543779f2367ab0ee2ebd42538c92_281118.pdf
f
18g..pdf
Школьное,2018-11-28,https://connect.yandex.ru/forms/files?path=%2F10597%2Fe4cc588b5f2913c91dda066d348756ae_menyu_na_28.11.2018g.pdf

Дошкольное,2018-11-27,https://connect.yandex.ru/forms/files?path=%2F10597%2F262f913d658c0e4b5b514f6e78510f06_271118.pdf
.2018g.pdf

Школьное,2018-11-29,https://connect.yandex.ru/forms/files?path=%2F10596%2F6db74d6c7494022921fb43ff21ed2ee9_menyu_na_29.11.2018g..pdf
Платное,2018-11-29,https://connect.yandex.ru/forms/files?path=%2F42367%2F88bca1cfda1848116bc915858f5fe62d_2911.pdf
29.11.2018g..pdf
Дошкольное,2018-11-29,https://connect.yandex.ru/forms/files?path=%2F10597%2F9e5166dfc84de423d863d69e277544d6_2911.pdf
11.2018g..pdf
Школьное,2018-11-30,https://connect.yandex.ru/forms/files?path=%2F10599%2F6caf0f76638995db504b88f3dd393398_menyu_na_30.11.2018g..pdf
Дошкольное,2018-12-03,https://connect.yandex.ru/forms/files?path=%2F11913%2Fedd19cafcd482251dd24ad091a4796cf_0312sad.pdf
2018g..pdf
Дошкольное,2018-11-30,https://connect.yandex.ru/forms/files?path=%2F10598%2F739382541566bcc4f571577827596da0_3011.pdf
f
2018g..pdf
Школьное,2018-12-03,https://connect.yandex.ru/forms/files?path=%2F10598%2F14ac6333b04fefb721aa90246e677354_menyu_na_03.12.2018g.pdf

Платное,2018-12-03,https://connect.yandex.ru/forms/files?path=%2F11913%2F77055e923078315e5b63df36d1acb5da_0312.pdf
03.12.2018g.pdf

Дошкольное,2018-12-04,https://connect.yandex.ru/forms/files?path=%2F10597%2Fa45dd76d2950eccc5890758aabbb3890_0412sad.pdf
2018g.pdf

Дошкольное,2018-12-05,https://connect.yandex.ru/forms/files?path=%2F42367%2F4c320beadd0cefba73bb326809005727_0512sad.pdf
2018g.pdf

Дошкольное,2018-12-06,https://connect.yandex.ru/forms/files?path=%2F10599%2Ff28b0be2551b28a83a06ca716b1c2252_0612sad.pdf
2018g.pdf

Школьное,2018-12-05,https://connect.yandex.ru/forms/files?path=%2F11913%2F78bdb572bc406cb054c07286ca5ab937_menyu_na_05.12.2018g..pdf
Школьное,2018-12-06,https://connect.yandex.ru/forms/files?path=%2F11913%2F928597a8c01e1466c45b3f3530203280_menyu_na_06.12.2018g..pdf
Платное,2018-12-04,https://connect.yandex.ru/forms/files?path=%2F11913%2F1420a0bc7016eb54b77efa6a9ae2d4f9_0412paid.pdf
2.2018g..pdf
Платное,2018-12-05,https://connect.yandex.ru/forms/files?path=%2F10600%2Fc41241551aa21933af0647cf312f616b_0512paid.pdf
2.2018g..pdf
Платное,2018-12-06,https://connect.yandex.ru/forms/files?path=%2F10597%2F3e6980d6bc138f678d486194eff9fadf_0612paid.pdf
2.2018g..pdf
Дошкольное,2018-12-10,https://connect.yandex.ru/forms/files?path=%2F10596%2F9135c4afed2ad6c859be547f916aad46_1012sad.pdf
2018g..pdf
Дошкольное,2018-12-07,https://connect.yandex.ru/forms/files?path=%2F10596%2F29ee9aa09fb70f15970891223abd5020_menyu_07.121.pdf
..pdf
Школьное,2018-12-07,https://connect.yandex.ru/forms/files?path=%2F10598%2F61f83b813ee04ae92851b90baae13c0b_menyu_na_07.12.2018g..pdf
Школьное,2018-12-10,https://connect.yandex.ru/forms/files?path=%2F10427%2F75e3e8ce608ba04005d2e80a9f4bbf0f_menyu_na_10.12.pdf
..pdf
Школьное,2018-12-11,https://connect.yandex.ru/forms/files?path=%2F10597%2F285d9567eece9e27ef15cab6a85236ce_menyu_11.12.2018g..pdf
f
Платное,2018-12-11,https://connect.yandex.ru/forms/files?path=%2F10596%2F183900aa689e38d39cdd5055dbff2c45_1112paid.pdf
018g..pdf
f
Платное,2018-12-10,https://connect.yandex.ru/forms/files?path=%2F10600%2F9b5802f49c96b798aeb7883c82bce6c8_1012paid.pdf
018g..pdf
f
Дошкольное,2018-12-11,"https://connect.yandex.ru/forms/files?path=%2F11913%2F7cd27f237d1ff3aa5422a39313306efe_11.12.2018.jpg
https://connect.yandex.ru/forms/files?path=%2F10597%2Fc0c25ca00c350cae41c199ad5eaa1f29_11.12.2018_1.jpg"
Школьное,2018-12-11,https://connect.yandex.ru/forms/files?path=%2F10599%2Fb8de3514494b3f507c084344a2c8f80f_11..12.pdf
8.jpg
https://connect.yandex.ru/forms/files?path=%2F10597%2Fc0c25ca00c350cae41c199ad5eaa1f29_11.12.2018_1.jpg"
Дошкольное,2018-12-11,"https://connect.yandex.ru/forms/files?path=%2F11913%2F7ca56771aa90244d29f5b727aa11f746_11.12.2018.pdf
https://connect.yandex.ru/forms/files?path=%2F10427%2Fea46679b6a6c968d840b81e012cdf1b9_11.12.2018_1.pdf"
Школьное,2018-12-11,https://connect.yandex.ru/forms/files?path=%2F10427%2Fc924fd50b17977ddeaebf984aa91d4d5_menyu_na_12.12.2018g..pdf
onnect.yandex.ru/forms/files?path=%2F10427%2Fea46679b6a6c968d840b81e012cdf1b9_11.12.2018_1.pdf"
Школьное,2018-12-11,https://connect.yandex.ru/forms/files?path=%2F10599%2Fb76129f2623da087b86ad02a82fb950f_12..12.pdf
12.2018g..pdf
onnect.yandex.ru/forms/files?path=%2F10427%2Fea46679b6a6c968d840b81e012cdf1b9_11.12.2018_1.pdf"
Дошкольное,2018-12-12,"https://connect.yandex.ru/forms/files?path=%2F10598%2Fe460153751047fcfe87ba07f4da6b0a2_12.12.2018.pdf
https://connect.yandex.ru/forms/files?path=%2F10597%2F4d3cc0d087a7905059e37e481cef06fa_12.12.2018_1.pdf"
Дошкольное,2018-12-13,https://connect.yandex.ru/forms/files?path=%2F11913%2F34c4b976d225e5884509e7c4aad60b1f_13.12.2018.pdf
https://connect.yandex.ru/forms/files?path=%2F10597%2F4d3cc0d087a7905059e37e481cef06fa_12.12.2018_1.pdf"
Школьное,2018-12-13,https://connect.yandex.ru/forms/files?path=%2F10427%2Fc28006e63170a74d45f830ac9de9d08a_13..12.pdf
.pdf
https://connect.yandex.ru/forms/files?path=%2F10597%2F4d3cc0d087a7905059e37e481cef06fa_12.12.2018_1.pdf"
Школьное,2018-12-13,https://connect.yandex.ru/forms/files?path=%2F10599%2F765a1fb33bf3833d69f51eed038a960f_menyu_na_13.12.2018g..pdf
onnect.yandex.ru/forms/files?path=%2F10597%2F4d3cc0d087a7905059e37e481cef06fa_12.12.2018_1.pdf"
Школьное,2018-12-14,https://connect.yandex.ru/forms/files?path=%2F10598%2F9d3069104e36e3708c9984cbc318391e_14.12.pdf
.12.2018g..pdf
onnect.yandex.ru/forms/files?path=%2F10597%2F4d3cc0d087a7905059e37e481cef06fa_12.12.2018_1.pdf"
Дошкольное,2018-12-14,https://connect.yandex.ru/forms/files?path=%2F11913%2F8ef2ab5ed2bba46e89d298d18224b235_14.12.2018.pdf
8g..pdf
onnect.yandex.ru/forms/files?path=%2F10597%2F4d3cc0d087a7905059e37e481cef06fa_12.12.2018_1.pdf"
Школьное,2018-12-14,https://connect.yandex.ru/forms/files?path=%2F10596%2Fd0b8a92fcc79a20dfed51fb13becd07d_menyu_na_14.12.2018g..pdf
onnect.yandex.ru/forms/files?path=%2F10597%2F4d3cc0d087a7905059e37e481cef06fa_12.12.2018_1.pdf"
Платное,2018-12-14,https://connect.yandex.ru/forms/files?path=%2F10428%2Fafcfd8ef5ec9ece9e5777f8ac0dbe759_14.12.pdf
4.12.2018g..pdf
onnect.yandex.ru/forms/files?path=%2F10597%2F4d3cc0d087a7905059e37e481cef06fa_12.12.2018_1.pdf"
Школьное,2018-12-17,https://connect.yandex.ru/forms/files?path=%2F10599%2F75094f84b638a9ad8dd3c9971ae2295a_menyu_na_17.12.2018g..pdf
onnect.yandex.ru/forms/files?path=%2F10597%2F4d3cc0d087a7905059e37e481cef06fa_12.12.2018_1.pdf"
Платное,2018-12-17,https://connect.yandex.ru/forms/files?path=%2F10596%2Fd58ec20857253fea48470b1422f3567c_platnoe_na_17.12.2018g.pdf
onnect.yandex.ru/forms/files?path=%2F10597%2F4d3cc0d087a7905059e37e481cef06fa_12.12.2018_1.pdf"
Дошкольное,2018-12-18,https://connect.yandex.ru/forms/files?path=%2F10600%2Fa52cb3dd6853d68a0d52f37d30c59781_18.12.2018.pdf
18g.pdf
onnect.yandex.ru/forms/files?path=%2F10597%2F4d3cc0d087a7905059e37e481cef06fa_12.12.2018_1.pdf"
Платное,2018-12-18,https://connect.yandex.ru/forms/files?path=%2F10599%2F98966dbdd8934663d6c35d22c48f8192_18.12.pdf
18.pdf
18g.pdf
onnect.yandex.ru/forms/files?path=%2F10597%2F4d3cc0d087a7905059e37e481cef06fa_12.12.2018_1.pdf"
Школьное,2018-12-18,https://connect.yandex.ru/forms/files?path=%2F10599%2F19a0f6fd5c7b58417e25fdb7c9df21e7_menyu_na_18.12.2018g..pdf
onnect.yandex.ru/forms/files?path=%2F10597%2F4d3cc0d087a7905059e37e481cef06fa_12.12.2018_1.pdf"
Платное,2018-12-19,https://connect.yandex.ru/forms/files?path=%2F10599%2Fed11620ac26b3805022f674afc593e55_19.12.pdf
8.12.2018g..pdf
onnect.yandex.ru/forms/files?path=%2F10597%2F4d3cc0d087a7905059e37e481cef06fa_12.12.2018_1.pdf"
Дошкольное,2018-12-19,https://connect.yandex.ru/forms/files?path=%2F42367%2Fbbb1432145728837fd02da5bbfd33b9d_19.12.2018.pdf
8g..pdf
onnect.yandex.ru/forms/files?path=%2F10597%2F4d3cc0d087a7905059e37e481cef06fa_12.12.2018_1.pdf"
Школьное,2018-12-19,https://connect.yandex.ru/forms/files?path=%2F10597%2Fa27d8c53800c06e4b7c74bea84c975fe_menyu_na_19.12.pdf
..pdf
onnect.yandex.ru/forms/files?path=%2F10597%2F4d3cc0d087a7905059e37e481cef06fa_12.12.2018_1.pdf"
Школьное,2018-12-20,https://connect.yandex.ru/forms/files?path=%2F10598%2F3c1bc0c9398f6bef06c17a60068ea6e7_menyu_na_20.12.2018g..pdf
onnect.yandex.ru/forms/files?path=%2F10597%2F4d3cc0d087a7905059e37e481cef06fa_12.12.2018_1.pdf"
Платное,2018-12-20,https://connect.yandex.ru/forms/files?path=%2F10598%2F910aca9fa11a06b313784e0fdc4d6e40_20.12.pdf
0.12.2018g..pdf
onnect.yandex.ru/forms/files?path=%2F10597%2F4d3cc0d087a7905059e37e481cef06fa_12.12.2018_1.pdf"
Дошкольное,2018-12-19,https://connect.yandex.ru/forms/files?path=%2F10427%2F392a9c0bcd33d9e6a534c3cd1f825185_19.12.2018.pdf
8g..pdf
onnect.yandex.ru/forms/files?path=%2F10597%2F4d3cc0d087a7905059e37e481cef06fa_12.12.2018_1.pdf"
Дошкольное,2018-12-20,https://connect.yandex.ru/forms/files?path=%2F10599%2F8700a817b8ec4e06a068636248d1ae2e_20.12.2018.pdf
8g..pdf
onnect.yandex.ru/forms/files?path=%2F10597%2F4d3cc0d087a7905059e37e481cef06fa_12.12.2018_1.pdf"
Школьное,2018-12-21,https://connect.yandex.ru/forms/files?path=%2F10597%2F778be88035489d126dcea993b86cdc01_menyu_na_21.12.2018g..pdf
onnect.yandex.ru/forms/files?path=%2F10597%2F4d3cc0d087a7905059e37e481cef06fa_12.12.2018_1.pdf"
Дошкольное,2018-12-21,https://connect.yandex.ru/forms/files?path=%2F10596%2F6e913b21268111aa5c87c4be08068e75_21.12.2018.pdf
8g..pdf
onnect.yandex.ru/forms/files?path=%2F10597%2F4d3cc0d087a7905059e37e481cef06fa_12.12.2018_1.pdf"
Платное,2018-12-24,https://connect.yandex.ru/forms/files?path=%2F10599%2Fface474215d0ed75f84890d5f97514e2_2412.pdf
018.pdf
8g..pdf
onnect.yandex.ru/forms/files?path=%2F10597%2F4d3cc0d087a7905059e37e481cef06fa_12.12.2018_1.pdf"
Школьное,2018-12-24,https://connect.yandex.ru/forms/files?path=%2F10427%2F0f959f9e37931cf40ac3d0f0137bdfef_menyu_na_24.12.2018g..pdf
onnect.yandex.ru/forms/files?path=%2F10597%2F4d3cc0d087a7905059e37e481cef06fa_12.12.2018_1.pdf"
Дошкольное,2018-12-24,https://connect.yandex.ru/forms/files?path=%2F42367%2F014cd6ba7c77e86cf453f79e28da2835_24.12.2018.pdf
8g..pdf
onnect.yandex.ru/forms/files?path=%2F10597%2F4d3cc0d087a7905059e37e481cef06fa_12.12.2018_1.pdf"
Дошкольное,2018-12-25,https://connect.yandex.ru/forms/files?path=%2F11913%2Ffdb79f2edf07bb46e3d734bd79a83c1f_25.12.2018.pdf
8g..pdf
onnect.yandex.ru/forms/files?path=%2F10597%2F4d3cc0d087a7905059e37e481cef06fa_12.12.2018_1.pdf"
Школьное,2018-12-25,https://connect.yandex.ru/forms/files?path=%2F10596%2F225675edc848cd385a32a906416b3292_menyu_na_25.12.2018g..pdf
onnect.yandex.ru/forms/files?path=%2F10597%2F4d3cc0d087a7905059e37e481cef06fa_12.12.2018_1.pdf"
Платное,2018-12-25,https://connect.yandex.ru/forms/files?path=%2F10600%2F7dd9205c4a8e91bcdbb1818d4bc8f791_25.12.pdf
5.12.2018g..pdf
onnect.yandex.ru/forms/files?path=%2F10597%2F4d3cc0d087a7905059e37e481cef06fa_12.12.2018_1.pdf"
Школьное,2018-12-26,https://connect.yandex.ru/forms/files?path=%2F10599%2Fa366dd0fbcbe804d98008597a4d6da67_menyu_na_26.12.2018g..pdf
onnect.yandex.ru/forms/files?path=%2F10597%2F4d3cc0d087a7905059e37e481cef06fa_12.12.2018_1.pdf"
Платное,2018-12-26,https://connect.yandex.ru/forms/files?path=%2F10599%2F4fac6961ba152885635fa07d68c5fafe_25.12.pdf
6.12.2018g..pdf
onnect.yandex.ru/forms/files?path=%2F10597%2F4d3cc0d087a7905059e37e481cef06fa_12.12.2018_1.pdf"
Дошкольное,2018-12-26,https://connect.yandex.ru/forms/files?path=%2F10597%2F594f53065cf5c8982e85a46def35ec01_26.12.2018.pdf
8g..pdf
onnect.yandex.ru/forms/files?path=%2F10597%2F4d3cc0d087a7905059e37e481cef06fa_12.12.2018_1.pdf"
Школьное,2018-12-27,https://connect.yandex.ru/forms/files?path=%2F10596%2F6c21c361acaca41101972efa7e6069b3_menyu_na_27.12.2018g..pdf
onnect.yandex.ru/forms/files?path=%2F10597%2F4d3cc0d087a7905059e37e481cef06fa_12.12.2018_1.pdf"
Платное,2018-12-27,https://connect.yandex.ru/forms/files?path=%2F10599%2F0505895f36bd0298682d2e8423eec695_27.12.pdf
7.12.2018g..pdf
onnect.yandex.ru/forms/files?path=%2F10597%2F4d3cc0d087a7905059e37e481cef06fa_12.12.2018_1.pdf"
Дошкольное,2018-12-27,https://connect.yandex.ru/forms/files?path=%2F10596%2F4ed34198bd7db220369c50d2ca21e76c_27.12.2018.pdf
8g..pdf
onnect.yandex.ru/forms/files?path=%2F10597%2F4d3cc0d087a7905059e37e481cef06fa_12.12.2018_1.pdf"
Школьное,2018-12-28,https://connect.yandex.ru/forms/files?path=%2F42367%2F4b86a4920ace377f3a0f448edd987a08_menyu_na_28.12.2018g.pdf

onnect.yandex.ru/forms/files?path=%2F10597%2F4d3cc0d087a7905059e37e481cef06fa_12.12.2018_1.pdf"
Платное,2018-12-28,https://connect.yandex.ru/forms/files?path=%2F10596%2F8fef5bb28ece230051886fd03719fc8a_28.12.pdf
8.12.2018g.pdf

onnect.yandex.ru/forms/files?path=%2F10597%2F4d3cc0d087a7905059e37e481cef06fa_12.12.2018_1.pdf"
Дошкольное,2018-12-28,https://connect.yandex.ru/forms/files?path=%2F10427%2F2cc20d841b741b7fa6c09bc3f70983d0_28.12.2018.pdf
8g.pdf

onnect.yandex.ru/forms/files?path=%2F10597%2F4d3cc0d087a7905059e37e481cef06fa_12.12.2018_1.pdf"
Дошкольное,2018-12-29,https://connect.yandex.ru/forms/files?path=%2F10599%2Fd8791d42c336b2f214f3398c002893d9_29.12.2018.pdf
8g.pdf

onnect.yandex.ru/forms/files?path=%2F10597%2F4d3cc0d087a7905059e37e481cef06fa_12.12.2018_1.pdf"
Дошкольное,2019-01-09,https://connect.yandex.ru/forms/files?path=%2F10600%2F79fe55db574090921ee4e409ad5acce7_09.01.2018.pdf
8g.pdf

onnect.yandex.ru/forms/files?path=%2F10597%2F4d3cc0d087a7905059e37e481cef06fa_12.12.2018_1.pdf"
Школьное,2018-12-09,https://connect.yandex.ru/forms/files?path=%2F10598%2F9f190773a840049896e8ba7c18cf924c_menyu_na_09.01.2019.pdf


onnect.yandex.ru/forms/files?path=%2F10597%2F4d3cc0d087a7905059e37e481cef06fa_12.12.2018_1.pdf"
Школьное,2019-01-10,https://connect.yandex.ru/forms/files?path=%2F10596%2F4712b241876f3b3d620470e496a4d246_menyu_na_10.01.2019.pdf


onnect.yandex.ru/forms/files?path=%2F10597%2F4d3cc0d087a7905059e37e481cef06fa_12.12.2018_1.pdf"
Платное,2019-01-09,https://connect.yandex.ru/forms/files?path=%2F10599%2Fbcd89803e34d775d154433992554bed4_09.01.pdf
0.01.2019.pdf


onnect.yandex.ru/forms/files?path=%2F10597%2F4d3cc0d087a7905059e37e481cef06fa_12.12.2018_1.pdf"
Платное,2019-01-10,https://connect.yandex.ru/forms/files?path=%2F10597%2Fe0990ccb30541d9db29f8a62008d09f7_10.01.pdf
0.01.2019.pdf


onnect.yandex.ru/forms/files?path=%2F10597%2F4d3cc0d087a7905059e37e481cef06fa_12.12.2018_1.pdf"
Дошкольное,2019-01-10,https://connect.yandex.ru/forms/files?path=%2F42367%2F1aa1b0603128edd2dce42a85ed05ea75_10.12.2018.pdf
9.pdf


onnect.yandex.ru/forms/files?path=%2F10597%2F4d3cc0d087a7905059e37e481cef06fa_12.12.2018_1.pdf"
Дошкольное,2019-01-11,https://connect.yandex.ru/forms/files?path=%2F10596%2Ff94115faf856b03753c5d9bce5298fbb_11.01.2019.pdf
9.pdf


onnect.yandex.ru/forms/files?path=%2F10597%2F4d3cc0d087a7905059e37e481cef06fa_12.12.2018_1.pdf"
Школьное,2019-01-11,https://connect.yandex.ru/forms/files?path=%2F10427%2F4db99945baee02d8f2bfef040190b990_menyu_na_11.01.2019g..pdf
onnect.yandex.ru/forms/files?path=%2F10597%2F4d3cc0d087a7905059e37e481cef06fa_12.12.2018_1.pdf"
Платное,2019-01-11,https://connect.yandex.ru/forms/files?path=%2F10599%2F76260ef1947517e76e43a59ebc565c63_11.01.pdf
1.01.2019g..pdf
onnect.yandex.ru/forms/files?path=%2F10597%2F4d3cc0d087a7905059e37e481cef06fa_12.12.2018_1.pdf"
Платное,2019-01-14,https://connect.yandex.ru/forms/files?path=%2F10599%2F952179c1dd44a607aa8c390106f91c88_14.01.pdf
1.01.2019g..pdf
onnect.yandex.ru/forms/files?path=%2F10597%2F4d3cc0d087a7905059e37e481cef06fa_12.12.2018_1.pdf"
Школьное,2019-01-14,https://connect.yandex.ru/forms/files?path=%2F10598%2F4f68419f86cd8371b9fb87f355d9eb6a_menyu_na_14.01.2019.pdf

onnect.yandex.ru/forms/files?path=%2F10597%2F4d3cc0d087a7905059e37e481cef06fa_12.12.2018_1.pdf"
Дошкольное,2019-01-14,https://connect.yandex.ru/forms/files?path=%2F10598%2F2ae7e4678551bd96b78eb4104f0cd07c_14.01.2019.pdf
9.pdf

onnect.yandex.ru/forms/files?path=%2F10597%2F4d3cc0d087a7905059e37e481cef06fa_12.12.2018_1.pdf"
Платное,2019-01-15,https://connect.yandex.ru/forms/files?path=%2F10598%2F64d18ba4b6efd15e603acefd25f88cde_15.01.pdf
19.pdf
9.pdf

onnect.yandex.ru/forms/files?path=%2F10597%2F4d3cc0d087a7905059e37e481cef06fa_12.12.2018_1.pdf"
Школьное,2019-01-15,https://connect.yandex.ru/forms/files?path=%2F42367%2F083248a937fbde110e0744d2c9bb9ee7_menyu_na_15.01.2019.pdf

onnect.yandex.ru/forms/files?path=%2F10597%2F4d3cc0d087a7905059e37e481cef06fa_12.12.2018_1.pdf"
Дошкольное,2019-01-15,https://connect.yandex.ru/forms/files?path=%2F42367%2F286cda638f8a9a29917ba5e059dcef7f_15.01.2019.pdf
9.pdf

onnect.yandex.ru/forms/files?path=%2F10597%2F4d3cc0d087a7905059e37e481cef06fa_12.12.2018_1.pdf"
Школьное,2019-01-16,https://connect.yandex.ru/forms/files?path=%2F42367%2F25908dccd0c4eabfcfebef02764dc02c_menyu_na_16.01.2019g..pdf
onnect.yandex.ru/forms/files?path=%2F10597%2F4d3cc0d087a7905059e37e481cef06fa_12.12.2018_1.pdf"
Дошкольное,2019-01-16,https://connect.yandex.ru/forms/files?path=%2F10599%2F91c25fe2d8cee255732001dc384c7192_16.01.2019.pdf
9g..pdf
onnect.yandex.ru/forms/files?path=%2F10597%2F4d3cc0d087a7905059e37e481cef06fa_12.12.2018_1.pdf"
Платное,2019-01-16,https://connect.yandex.ru/forms/files?path=%2F42367%2F8aeeb6228a2ee8d1d41cc1ad85651ef7_16.01.pdf
19.pdf
9g..pdf
onnect.yandex.ru/forms/files?path=%2F10597%2F4d3cc0d087a7905059e37e481cef06fa_12.12.2018_1.pdf"
Школьное,2019-01-17,https://connect.yandex.ru/forms/files?path=%2F10597%2F404ee1f8594502176922a4e3de74deba_menyu_na_17.01.2019.pdf

onnect.yandex.ru/forms/files?path=%2F10597%2F4d3cc0d087a7905059e37e481cef06fa_12.12.2018_1.pdf"
Платное,2019-01-17,https://connect.yandex.ru/forms/files?path=%2F10596%2F0e3d2f96502c074385b80426c5229bbd_17.01.pdf
7.01.2019.pdf

onnect.yandex.ru/forms/files?path=%2F10597%2F4d3cc0d087a7905059e37e481cef06fa_12.12.2018_1.pdf"
Дошкольное,2019-01-17,https://connect.yandex.ru/forms/files?path=%2F10598%2F7fd954c87420686f62fbc681a661ee59_17.01.2019.pdf
9.pdf

onnect.yandex.ru/forms/files?path=%2F10597%2F4d3cc0d087a7905059e37e481cef06fa_12.12.2018_1.pdf"
Дошкольное,2019-01-18,https://connect.yandex.ru/forms/files?path=%2F10600%2F6ca79f90245537eb22edf27e8b8945bb_18.01.2019.pdf
9.pdf

onnect.yandex.ru/forms/files?path=%2F10597%2F4d3cc0d087a7905059e37e481cef06fa_12.12.2018_1.pdf"
Школьное,2019-01-18,https://connect.yandex.ru/forms/files?path=%2F10598%2F887518b61a200b9cc273cc65be3bfa1f_menyu_na_18.01.2019g..pdf
onnect.yandex.ru/forms/files?path=%2F10597%2F4d3cc0d087a7905059e37e481cef06fa_12.12.2018_1.pdf"
Платное,2019-01-18,https://connect.yandex.ru/forms/files?path=%2F42367%2F9dd691e2ae61ebf69885b033567cfe35_18.01.pdf
8.01.2019g..pdf
onnect.yandex.ru/forms/files?path=%2F10597%2F4d3cc0d087a7905059e37e481cef06fa_12.12.2018_1.pdf"
Дошкольное,2019-01-21,https://connect.yandex.ru/forms/files?path=%2F10427%2F5704a186b8f24aacb424ccebd778eab5_21.01.2019.pdf
9g..pdf
onnect.yandex.ru/forms/files?path=%2F10597%2F4d3cc0d087a7905059e37e481cef06fa_12.12.2018_1.pdf"
Платное,2019-01-21,https://connect.yandex.ru/forms/files?path=%2F10599%2F1c8571ece682270252bf03c697abef76_21.01.pdf
19.pdf
9g..pdf
onnect.yandex.ru/forms/files?path=%2F10597%2F4d3cc0d087a7905059e37e481cef06fa_12.12.2018_1.pdf"
Школьное,2019-01-21,https://connect.yandex.ru/forms/files?path=%2F10597%2F3965adff8c7f0e0f0157664a4e729883_menyu_na_21.01.2019.pdf

onnect.yandex.ru/forms/files?path=%2F10597%2F4d3cc0d087a7905059e37e481cef06fa_12.12.2018_1.pdf"
Дошкольное,2019-01-22,https://connect.yandex.ru/forms/files?path=%2F10596%2F44479471d23eb201f39d34165524cf56_22.01.2019.pdf
9.pdf

onnect.yandex.ru/forms/files?path=%2F10597%2F4d3cc0d087a7905059e37e481cef06fa_12.12.2018_1.pdf"
Школьное,2019-01-22,https://connect.yandex.ru/forms/files?path=%2F10598%2Fc628509fc79b8a4c811c807b60d4d4b0_22.pdf
2019.pdf
9.pdf

onnect.yandex.ru/forms/files?path=%2F10597%2F4d3cc0d087a7905059e37e481cef06fa_12.12.2018_1.pdf"
Платное,2019-01-22,https://connect.yandex.ru/forms/files?path=%2F11913%2F60e59df44c848d0a57896cbbea6daab5_22.01.pdf
19.pdf
9.pdf

onnect.yandex.ru/forms/files?path=%2F10597%2F4d3cc0d087a7905059e37e481cef06fa_12.12.2018_1.pdf"
Дошкольное,2019-01-23,https://connect.yandex.ru/forms/files?path=%2F42367%2F84f0dc6b537a09cf2dd116cfd60e4b93_23.01.2019.pdf
9.pdf

onnect.yandex.ru/forms/files?path=%2F10597%2F4d3cc0d087a7905059e37e481cef06fa_12.12.2018_1.pdf"
Платное,2019-01-23,https://connect.yandex.ru/forms/files?path=%2F10597%2F89f2ff4906c9e277c114831c0b67737d_ilovepdfjpgtopdf_35.pdf


onnect.yandex.ru/forms/files?path=%2F10597%2F4d3cc0d087a7905059e37e481cef06fa_12.12.2018_1.pdf"
Школьное,2019-01-23,https://connect.yandex.ru/forms/files?path=%2F10597%2F21581d14d47425d97f941489056ec0b6_ilovepdfjpgtopdf_34.pdf

onnect.yandex.ru/forms/files?path=%2F10597%2F4d3cc0d087a7905059e37e481cef06fa_12.12.2018_1.pdf"
Дошкольное,2019-01-24,https://connect.yandex.ru/forms/files?path=%2F10596%2Fc61641405db8e9599690e5bb66186711_24.01.2019.pdf
4.pdf

onnect.yandex.ru/forms/files?path=%2F10597%2F4d3cc0d087a7905059e37e481cef06fa_12.12.2018_1.pdf"
Школьное,2019-01-25,https://connect.yandex.ru/forms/files?path=%2F10600%2F42edb3de7b655c1c3b43f3a90d8069ab_ilovepdfjpgtopdf_37.pdf

onnect.yandex.ru/forms/files?path=%2F10597%2F4d3cc0d087a7905059e37e481cef06fa_12.12.2018_1.pdf"
Платное,2019-01-25,https://connect.yandex.ru/forms/files?path=%2F10427%2Ff36a24864de107be1555155b1f9fa188_ilovepdfjpgtopdf_39.pdf


onnect.yandex.ru/forms/files?path=%2F10597%2F4d3cc0d087a7905059e37e481cef06fa_12.12.2018_1.pdf"
Дошкольное,2019-01-25,https://connect.yandex.ru/forms/files?path=%2F10597%2F25328c0c947cfa4dfb8a546179257ca2_25.01.2019.pdf
.pdf


onnect.yandex.ru/forms/files?path=%2F10597%2F4d3cc0d087a7905059e37e481cef06fa_12.12.2018_1.pdf"
Школьное,2019-01-28,https://connect.yandex.ru/forms/files?path=%2F10597%2F5c9045e3cb7afb1e291d0e0cf445a8c5_ilovepdfjpgtopdf_40.pdf

onnect.yandex.ru/forms/files?path=%2F10597%2F4d3cc0d087a7905059e37e481cef06fa_12.12.2018_1.pdf"
Платное,2019-01-28,https://connect.yandex.ru/forms/files?path=%2F10599%2F4d2c372a610dc273a1ec6aa53124b391_ilovepdfjpgtopdf_42.pdf


onnect.yandex.ru/forms/files?path=%2F10597%2F4d3cc0d087a7905059e37e481cef06fa_12.12.2018_1.pdf"
Дошкольное,2019-01-28,https://connect.yandex.ru/forms/files?path=%2F10600%2Ff4193dbf9af9723ab639086978b7e05c_28.01.2019.pdf
.pdf


onnect.yandex.ru/forms/files?path=%2F10597%2F4d3cc0d087a7905059e37e481cef06fa_12.12.2018_1.pdf"
Дошкольное,2019-01-29,https://connect.yandex.ru/forms/files?path=%2F10597%2F04ff0c0403aba665aa2ac509c8313e13_29.01.2019.pdf
.pdf


onnect.yandex.ru/forms/files?path=%2F10597%2F4d3cc0d087a7905059e37e481cef06fa_12.12.2018_1.pdf"
Школьное,2019-01-29,https://connect.yandex.ru/forms/files?path=%2F10597%2F90554ffc001dc31c50762c0b70ae9810_ilovepdfjpgtopdf_43.pdf

onnect.yandex.ru/forms/files?path=%2F10597%2F4d3cc0d087a7905059e37e481cef06fa_12.12.2018_1.pdf"
Платное,2019-01-29,https://connect.yandex.ru/forms/files?path=%2F10597%2Fbe65ef7eca5508da564fafef84334835_ilovepdfjpgtopdf_45.pdf


onnect.yandex.ru/forms/files?path=%2F10597%2F4d3cc0d087a7905059e37e481cef06fa_12.12.2018_1.pdf"
Школьное,2019-01-30,https://connect.yandex.ru/forms/files?path=%2F10600%2F3e1f01ab70556bc722e2490e5e8716f1_ilovepdfjpgtopdf_46.pdf

onnect.yandex.ru/forms/files?path=%2F10597%2F4d3cc0d087a7905059e37e481cef06fa_12.12.2018_1.pdf"
Платное,2019-01-30,https://connect.yandex.ru/forms/files?path=%2F10599%2Fc47466651cfa0fe861b84c4a3845cfc2_ilovepdfjpgtopdf_48.pdf


onnect.yandex.ru/forms/files?path=%2F10597%2F4d3cc0d087a7905059e37e481cef06fa_12.12.2018_1.pdf"
Дошкольное,2019-01-30,https://connect.yandex.ru/forms/files?path=%2F10598%2F4997b1906e9c45908fd6eeaf22a87df9_menyu_na_30.01.2019.pdf
onnect.yandex.ru/forms/files?path=%2F10597%2F4d3cc0d087a7905059e37e481cef06fa_12.12.2018_1.pdf"
Платное,2019-01-31,https://connect.yandex.ru/forms/files?path=%2F42367%2F1e4e098ad1c630844b92a2c7554c5d60_ilovepdfjpgtopdf_51.pdf
f
onnect.yandex.ru/forms/files?path=%2F10597%2F4d3cc0d087a7905059e37e481cef06fa_12.12.2018_1.pdf"
Школьное,2019-01-31,https://connect.yandex.ru/forms/files?path=%2F10597%2F71a21afebb04d7ec0c95f604d40475d7_ilovepdfjpgtopdf_49.pdf

onnect.yandex.ru/forms/files?path=%2F10597%2F4d3cc0d087a7905059e37e481cef06fa_12.12.2018_1.pdf"
Дошкольное,2019-01-31,https://connect.yandex.ru/forms/files?path=%2F11913%2F9348f197d9beae430500576464a93d33_31.01.2019.pdf
9.pdf

onnect.yandex.ru/forms/files?path=%2F10597%2F4d3cc0d087a7905059e37e481cef06fa_12.12.2018_1.pdf"
Дошкольное,2019-02-01,https://connect.yandex.ru/forms/files?path=%2F42367%2Fc93253a874f1958bbfddcbf09482ae6a_31.01.2019.pdf
9.pdf

onnect.yandex.ru/forms/files?path=%2F10597%2F4d3cc0d087a7905059e37e481cef06fa_12.12.2018_1.pdf"
Школьное,2019-02-01,https://connect.yandex.ru/forms/files?path=%2F10597%2F9a82adbb44a71afd356328eb0ce1aee6_ilovepdfjpgtopdf_52.pdf

onnect.yandex.ru/forms/files?path=%2F10597%2F4d3cc0d087a7905059e37e481cef06fa_12.12.2018_1.pdf"
Платное,2019-02-01,https://connect.yandex.ru/forms/files?path=%2F10596%2F07d6dc9bbf13618b771b003af402cde7_ilovepdfjpgtopdf_54.pdf


onnect.yandex.ru/forms/files?path=%2F10597%2F4d3cc0d087a7905059e37e481cef06fa_12.12.2018_1.pdf"
Дошкольное,2019-02-04,https://connect.yandex.ru/forms/files?path=%2F10596%2F17d8beb01fd84d28b66617e7eb35fc84_31.01.2019.pdf
.pdf


onnect.yandex.ru/forms/files?path=%2F10597%2F4d3cc0d087a7905059e37e481cef06fa_12.12.2018_1.pdf"
Школьное,2019-02-04,https://connect.yandex.ru/forms/files?path=%2F10597%2Ff7400a491fd231b4af23cb34a1b33f17_ilovepdfjpgtopdf_55.pdf

onnect.yandex.ru/forms/files?path=%2F10597%2F4d3cc0d087a7905059e37e481cef06fa_12.12.2018_1.pdf"
Платное,2019-02-04,https://connect.yandex.ru/forms/files?path=%2F10600%2F5db1bb2540448c0bba8e737ebf96e6e5_ilovepdfjpgtopdf_57.pdf


onnect.yandex.ru/forms/files?path=%2F10597%2F4d3cc0d087a7905059e37e481cef06fa_12.12.2018_1.pdf"
Дошкольное,2019-02-05,https://connect.yandex.ru/forms/files?path=%2F10598%2F6f01073ab58e6705a209dcdda9bd6a25_05.02.2019.pdf
.pdf


onnect.yandex.ru/forms/files?path=%2F10597%2F4d3cc0d087a7905059e37e481cef06fa_12.12.2018_1.pdf"
Платное,2019-02-05,https://connect.yandex.ru/forms/files?path=%2F10598%2Fa00910f413b4a1d711a9483b70c19215_ilovepdfjpgtopdf_60.pdf


onnect.yandex.ru/forms/files?path=%2F10597%2F4d3cc0d087a7905059e37e481cef06fa_12.12.2018_1.pdf"
Школьное,2019-02-05,https://connect.yandex.ru/forms/files?path=%2F10428%2F262047d1222384e8be5e62b90ebbf6a5_ilovepdfjpgtopdf_58.pdf

onnect.yandex.ru/forms/files?path=%2F10597%2F4d3cc0d087a7905059e37e481cef06fa_12.12.2018_1.pdf"
Платное,2019-02-06,https://connect.yandex.ru/forms/files?path=%2F10598%2Fda4d52d87ebb16d8760b3be5b1e2e21b_ilovepdfjpgtopdf_64.pdf


onnect.yandex.ru/forms/files?path=%2F10597%2F4d3cc0d087a7905059e37e481cef06fa_12.12.2018_1.pdf"
Школьное,2019-02-06,https://connect.yandex.ru/forms/files?path=%2F10596%2F3b3a6085785b50beee4b819bacd59ab7_ilovepdfjpgtopdf_61.pdf

onnect.yandex.ru/forms/files?path=%2F10597%2F4d3cc0d087a7905059e37e481cef06fa_12.12.2018_1.pdf"
Дошкольное,2019-02-06,https://connect.yandex.ru/forms/files?path=%2F42367%2F4b94ba680fe0e3b5155ac21a39bfff27_06.02.2019.pdf
1.pdf

onnect.yandex.ru/forms/files?path=%2F10597%2F4d3cc0d087a7905059e37e481cef06fa_12.12.2018_1.pdf"
Школьное,2019-02-07,https://connect.yandex.ru/forms/files?path=%2F10427%2Fad320c8103eaa70b19179d739825f13a_ilovepdfjpgtopdf_65.pdf

onnect.yandex.ru/forms/files?path=%2F10597%2F4d3cc0d087a7905059e37e481cef06fa_12.12.2018_1.pdf"
Платное,2019-02-07,https://connect.yandex.ru/forms/files?path=%2F10597%2Fbe709a0e901c156743b2a3b3d9078976_ilovepdfjpgtopdf_67.pdf


onnect.yandex.ru/forms/files?path=%2F10597%2F4d3cc0d087a7905059e37e481cef06fa_12.12.2018_1.pdf"
Дошкольное,2019-02-07,https://connect.yandex.ru/forms/files?path=%2F11913%2F524790834861e862d4cc2f36506aaaca_07.02.2019.pdf
.pdf


onnect.yandex.ru/forms/files?path=%2F10597%2F4d3cc0d087a7905059e37e481cef06fa_12.12.2018_1.pdf"
Платное,2019-02-08,https://connect.yandex.ru/forms/files?path=%2F10598%2Ff2f9b89c29379fef72c82b06f2ef3f19_ilovepdfjpgtopdf_70.pdf


onnect.yandex.ru/forms/files?path=%2F10597%2F4d3cc0d087a7905059e37e481cef06fa_12.12.2018_1.pdf"
Школьное,2019-02-08,https://connect.yandex.ru/forms/files?path=%2F10598%2F52eb48afd02198ae31b21b0975a92092_ilovepdfjpgtopdf_68.pdf

onnect.yandex.ru/forms/files?path=%2F10597%2F4d3cc0d087a7905059e37e481cef06fa_12.12.2018_1.pdf"
Дошкольное,2019-02-08,https://connect.yandex.ru/forms/files?path=%2F42367%2F89548742d8986b023f99a2218c301a63_08.02.2019.pdf
8.pdf

onnect.yandex.ru/forms/files?path=%2F10597%2F4d3cc0d087a7905059e37e481cef06fa_12.12.2018_1.pdf"
Дошкольное,2019-02-11,https://connect.yandex.ru/forms/files?path=%2F10596%2Ffa5c891eebc1ddf278dcde92928a4f9c_11.02.2019.pdf
8.pdf

onnect.yandex.ru/forms/files?path=%2F10597%2F4d3cc0d087a7905059e37e481cef06fa_12.12.2018_1.pdf"
Школьное,2019-02-11,https://connect.yandex.ru/forms/files?path=%2F10596%2F789511b26c4d388421d10bba955c94d6_ilovepdfjpgtopdf_71.pdf

onnect.yandex.ru/forms/files?path=%2F10597%2F4d3cc0d087a7905059e37e481cef06fa_12.12.2018_1.pdf"
Платное,2019-02-11,https://connect.yandex.ru/forms/files?path=%2F10597%2F14948dcfcad7d2e77ea45f775459879b_ilovepdfjpgtopdf_73.pdf


onnect.yandex.ru/forms/files?path=%2F10597%2F4d3cc0d087a7905059e37e481cef06fa_12.12.2018_1.pdf"
Школьное,2019-02-12,https://connect.yandex.ru/forms/files?path=%2F10600%2F6690b2c3373642714e5d70083dff00b0_menyu_na_12.02.2019g..pdf
onnect.yandex.ru/forms/files?path=%2F10597%2F4d3cc0d087a7905059e37e481cef06fa_12.12.2018_1.pdf"
Школьное,2019-02-12,https://connect.yandex.ru/forms/files?path=%2F10597%2Facd3c9db068556d7be50e4cd04450a54_ilovepdfjpgtopdf_74.pdf

onnect.yandex.ru/forms/files?path=%2F10597%2F4d3cc0d087a7905059e37e481cef06fa_12.12.2018_1.pdf"
Платное,2019-02-12,https://connect.yandex.ru/forms/files?path=%2F10600%2F6043cc4c6ece8f542048c8e700e1bf01_ilovepdfjpgtopdf_76.pdf


onnect.yandex.ru/forms/files?path=%2F10597%2F4d3cc0d087a7905059e37e481cef06fa_12.12.2018_1.pdf"
Дошкольное,2019-02-12,https://connect.yandex.ru/forms/files?path=%2F10600%2F694685128908633b86ad56b1928395f1_12.02.2019.pdf
.pdf


onnect.yandex.ru/forms/files?path=%2F10597%2F4d3cc0d087a7905059e37e481cef06fa_12.12.2018_1.pdf"
Школьное,2019-02-13,https://connect.yandex.ru/forms/files?path=%2F10599%2F80dde88c266b2c4d77e497d3073b58d7_menyu_na_13.02.2019.pdf

onnect.yandex.ru/forms/files?path=%2F10597%2F4d3cc0d087a7905059e37e481cef06fa_12.12.2018_1.pdf"
Платное,2019-02-13,https://connect.yandex.ru/forms/files?path=%2F10600%2F017de24019499231718c8ea055111d2a_ilovepdfjpgtopdf_77.pdf


onnect.yandex.ru/forms/files?path=%2F10597%2F4d3cc0d087a7905059e37e481cef06fa_12.12.2018_1.pdf"
Дошкольное,2019-02-13,https://connect.yandex.ru/forms/files?path=%2F10600%2F175983f2847f8234a93dbb36442919ca_13.02.2019.pdf
.pdf


onnect.yandex.ru/forms/files?path=%2F10597%2F4d3cc0d087a7905059e37e481cef06fa_12.12.2018_1.pdf"
Школьное,2019-02-14,https://connect.yandex.ru/forms/files?path=%2F10596%2Fa415d32a1aaf23085e7ccde0c30f337f_menyu_na_14.02.2019g..pdf
onnect.yandex.ru/forms/files?path=%2F10597%2F4d3cc0d087a7905059e37e481cef06fa_12.12.2018_1.pdf"
Платное,2019-02-14,https://connect.yandex.ru/forms/files?path=%2F10600%2F513c049ee912d0567ba65a6ab2e6e042_ilovepdfjpgtopdf_78.pdf
f
onnect.yandex.ru/forms/files?path=%2F10597%2F4d3cc0d087a7905059e37e481cef06fa_12.12.2018_1.pdf"
Дошкольное,2019-02-14,https://connect.yandex.ru/forms/files?path=%2F10600%2F3bead398a65028ca668a5ea6461eae27_14.02.2019.pdf
.pdf
f
onnect.yandex.ru/forms/files?path=%2F10597%2F4d3cc0d087a7905059e37e481cef06fa_12.12.2018_1.pdf"
Школьное,2019-02-15,https://connect.yandex.ru/forms/files?path=%2F10427%2F7de562e8e8d9a97f5f6c4c474a76600f_menyu_na_15.02.2019g..pdf
onnect.yandex.ru/forms/files?path=%2F10597%2F4d3cc0d087a7905059e37e481cef06fa_12.12.2018_1.pdf"
Платное,2019-02-15,https://connect.yandex.ru/forms/files?path=%2F10596%2Fca4bf5c85ff554614e8ff3c2f2e3633d_ilovepdfjpgtopdf_79.pdf
f
onnect.yandex.ru/forms/files?path=%2F10597%2F4d3cc0d087a7905059e37e481cef06fa_12.12.2018_1.pdf"
Дошкольное,2019-02-15,https://connect.yandex.ru/forms/files?path=%2F11913%2Ff5d28a22e66ea3ac4601b563892b3739_15.02.2019.pdf
.pdf
f
onnect.yandex.ru/forms/files?path=%2F10597%2F4d3cc0d087a7905059e37e481cef06fa_12.12.2018_1.pdf"
Школьное,2019-02-18,https://connect.yandex.ru/forms/files?path=%2F42367%2F6ab43577cc2dfaa626a3fa680bfda103_menyu_na_18.02.2019g..pdf
onnect.yandex.ru/forms/files?path=%2F10597%2F4d3cc0d087a7905059e37e481cef06fa_12.12.2018_1.pdf"
Платное,2019-02-18,https://connect.yandex.ru/forms/files?path=%2F10599%2Fca753664925866e63695109d86e008dd_ilovepdfjpgtopdf_80.pdf
f
onnect.yandex.ru/forms/files?path=%2F10597%2F4d3cc0d087a7905059e37e481cef06fa_12.12.2018_1.pdf"
Дошкольное,2019-02-18,https://connect.yandex.ru/forms/files?path=%2F10428%2F936002c5c55289c6af80b9c6b9b0815e_18.02.2019.pdf
.pdf
f
onnect.yandex.ru/forms/files?path=%2F10597%2F4d3cc0d087a7905059e37e481cef06fa_12.12.2018_1.pdf"
Дошкольное,2019-02-19,https://connect.yandex.ru/forms/files?path=%2F10599%2Fd6db090bc628022c14c8975b1882786b_19.02.2019.pdf
.pdf
f
onnect.yandex.ru/forms/files?path=%2F10597%2F4d3cc0d087a7905059e37e481cef06fa_12.12.2018_1.pdf"
Школьное,2019-02-19,https://connect.yandex.ru/forms/files?path=%2F10427%2Ff2c86c16ed547ade3c7dce2bdf1ecda8_menyu_na_19.02.2019g..pdf
onnect.yandex.ru/forms/files?path=%2F10597%2F4d3cc0d087a7905059e37e481cef06fa_12.12.2018_1.pdf"
Платное,2019-02-19,https://connect.yandex.ru/forms/files?path=%2F10598%2F89e7a73c94cef3d8c24725a67ee282f3_ilovepdfjpgtopdf_81.pdf
f
onnect.yandex.ru/forms/files?path=%2F10597%2F4d3cc0d087a7905059e37e481cef06fa_12.12.2018_1.pdf"
Школьное,2019-02-20,https://connect.yandex.ru/forms/files?path=%2F10427%2F7646873a2c812990e13628f81f4c4839_menyu_na_20.02.209g..pdf

onnect.yandex.ru/forms/files?path=%2F10597%2F4d3cc0d087a7905059e37e481cef06fa_12.12.2018_1.pdf"
Дошкольное,2019-02-20,https://connect.yandex.ru/forms/files?path=%2F10599%2Fec66e4b55239e8325348ccd94b2d69d6_20.02.2019.pdf
g..pdf

onnect.yandex.ru/forms/files?path=%2F10597%2F4d3cc0d087a7905059e37e481cef06fa_12.12.2018_1.pdf"
Школьное,2019-02-21,https://connect.yandex.ru/forms/files?path=%2F10597%2Ff2fc781d66b297ddd9b991c727158eee_menyu_na_21.02.2019g.pdf

onnect.yandex.ru/forms/files?path=%2F10597%2F4d3cc0d087a7905059e37e481cef06fa_12.12.2018_1.pdf"
Платное,2019-02-21,https://connect.yandex.ru/forms/files?path=%2F42367%2Fd224153a1e6ed3815015b9efe0a60d79_ilovepdfjpgtopdf_82.pdf


onnect.yandex.ru/forms/files?path=%2F10597%2F4d3cc0d087a7905059e37e481cef06fa_12.12.2018_1.pdf"
Дошкольное,2019-02-21,https://connect.yandex.ru/forms/files?path=%2F10596%2F895d922986a4d42a048deb4ba4827e0c_21.02.2019.pdf
.pdf


onnect.yandex.ru/forms/files?path=%2F10597%2F4d3cc0d087a7905059e37e481cef06fa_12.12.2018_1.pdf"
Школьное,2019-02-22,https://connect.yandex.ru/forms/files?path=%2F10599%2Fd27a3ae7d65352c181bee4e37e59d4b9_menyu_na_22.02.2019g..pdf
onnect.yandex.ru/forms/files?path=%2F10597%2F4d3cc0d087a7905059e37e481cef06fa_12.12.2018_1.pdf"
Дошкольное,2019-02-22,https://connect.yandex.ru/forms/files?path=%2F10596%2F5a10066a1373b8d25e08fc059b01a370_22.02.2019.pdf
9g..pdf
onnect.yandex.ru/forms/files?path=%2F10597%2F4d3cc0d087a7905059e37e481cef06fa_12.12.2018_1.pdf"
Дошкольное,2019-02-25,https://connect.yandex.ru/forms/files?path=%2F10597%2F0d91775d959c6126c73a3a9607d101ec_25.02.2019.pdf
9g..pdf
onnect.yandex.ru/forms/files?path=%2F10597%2F4d3cc0d087a7905059e37e481cef06fa_12.12.2018_1.pdf"
Школьное,2019-02-26,https://connect.yandex.ru/forms/files?path=%2F10428%2F8161d461977370ea1b43c24450b4dda6_menyu_na_26.02.2019g.pdf

onnect.yandex.ru/forms/files?path=%2F10597%2F4d3cc0d087a7905059e37e481cef06fa_12.12.2018_1.pdf"
Дошкольное,2019-02-26,https://connect.yandex.ru/forms/files?path=%2F10596%2Fc41c20de5b9368dc7f01c3f122cd634a_26.02.2019.pdf
9g.pdf

onnect.yandex.ru/forms/files?path=%2F10597%2F4d3cc0d087a7905059e37e481cef06fa_12.12.2018_1.pdf"
Платное,2019-02-26,https://connect.yandex.ru/forms/files?path=%2F10596%2F1a7c104b738c0461d0b810c7dba9aa24_26.02converted.pdf
g.pdf

onnect.yandex.ru/forms/files?path=%2F10597%2F4d3cc0d087a7905059e37e481cef06fa_12.12.2018_1.pdf"
Платное,2019-02-27,https://connect.yandex.ru/forms/files?path=%2F42367%2F9c68faf98f91279f3ee5775aa1a4ceef_27.02converted.pdf
g.pdf

onnect.yandex.ru/forms/files?path=%2F10597%2F4d3cc0d087a7905059e37e481cef06fa_12.12.2018_1.pdf"
Дошкольное,2019-02-27,https://connect.yandex.ru/forms/files?path=%2F10599%2Fd2f85cdc8745f563d9c36cdd5ec42b66_27.02.2019.pdf

g.pdf

onnect.yandex.ru/forms/files?path=%2F10597%2F4d3cc0d087a7905059e37e481cef06fa_12.12.2018_1.pdf"
Школьное,2019-02-26,https://connect.yandex.ru/forms/files?path=%2F11913%2F16ce92703de19d764a593d2ca22fd01e_26.02.2019.pdf


g.pdf

onnect.yandex.ru/forms/files?path=%2F10597%2F4d3cc0d087a7905059e37e481cef06fa_12.12.2018_1.pdf"
Школьное,2019-02-27,https://connect.yandex.ru/forms/files?path=%2F10597%2F308668978ad862a0e66948f5c9efe291_27.02.2019.pdf


g.pdf

onnect.yandex.ru/forms/files?path=%2F10597%2F4d3cc0d087a7905059e37e481cef06fa_12.12.2018_1.pdf"
Платное,2019-02-28,https://connect.yandex.ru/forms/files?path=%2F11913%2F883d23c3605d1f5ad5bd70e4c5bfe1ca_28.02converted.pdf
g.pdf

onnect.yandex.ru/forms/files?path=%2F10597%2F4d3cc0d087a7905059e37e481cef06fa_12.12.2018_1.pdf"
Школьное,2019-02-28,https://connect.yandex.ru/forms/files?path=%2F10597%2F77e2f6c808c02037ca38939e73787258_28.02.2019.pdf
f
g.pdf

onnect.yandex.ru/forms/files?path=%2F10597%2F4d3cc0d087a7905059e37e481cef06fa_12.12.2018_1.pdf"
Платное,2019-03-01,https://connect.yandex.ru/forms/files?path=%2F10427%2F73364464abc865c9d26542a0d437aaf5_0103converted.pdf

g.pdf

onnect.yandex.ru/forms/files?path=%2F10597%2F4d3cc0d087a7905059e37e481cef06fa_12.12.2018_1.pdf"
Дошкольное,2019-02-28,https://connect.yandex.ru/forms/files?path=%2F42367%2Fa0997a249799920f58a15d3cd1f125db_28.02.2019.pdf

g.pdf

onnect.yandex.ru/forms/files?path=%2F10597%2F4d3cc0d087a7905059e37e481cef06fa_12.12.2018_1.pdf"
Дошкольное,2019-03-01,https://connect.yandex.ru/forms/files?path=%2F10600%2F0e20896cca19d6cfc9152c86eac53e21_01.03.2019.pdf

g.pdf

onnect.yandex.ru/forms/files?path=%2F10597%2F4d3cc0d087a7905059e37e481cef06fa_12.12.2018_1.pdf"
Дошкольное,2019-03-04,https://connect.yandex.ru/forms/files?path=%2F10597%2Fcbf3242136369aa686345e9755da3e54_04.03.2019.pdf

g.pdf

onnect.yandex.ru/forms/files?path=%2F10597%2F4d3cc0d087a7905059e37e481cef06fa_12.12.2018_1.pdf"
Школьное,2019-03-04,https://connect.yandex.ru/forms/files?path=%2F42367%2F8d5224a53ac422c33ec65956b41a2a5b_04.03.2019.pdf


g.pdf

onnect.yandex.ru/forms/files?path=%2F10597%2F4d3cc0d087a7905059e37e481cef06fa_12.12.2018_1.pdf"
Платное,2019-03-04,https://connect.yandex.ru/forms/files?path=%2F10428%2F41aed90d481bf99d791a0028de781030_04.03converted.pdf
g.pdf

onnect.yandex.ru/forms/files?path=%2F10597%2F4d3cc0d087a7905059e37e481cef06fa_12.12.2018_1.pdf"
Платное,2019-03-05,https://connect.yandex.ru/forms/files?path=%2F10597%2Fa43c4e6b7856adbe55a8ef8dca7eeb6f_05.03converted.pdf
g.pdf

onnect.yandex.ru/forms/files?path=%2F10597%2F4d3cc0d087a7905059e37e481cef06fa_12.12.2018_1.pdf"
Школьное,2019-03-05,https://connect.yandex.ru/forms/files?path=%2F10598%2F9d2a29e8714270ea905b5f44054dbe2e_05.03.2019.pdf
f
g.pdf

onnect.yandex.ru/forms/files?path=%2F10597%2F4d3cc0d087a7905059e37e481cef06fa_12.12.2018_1.pdf"
Дошкольное,2019-03-05,https://connect.yandex.ru/forms/files?path=%2F11913%2Fcd8bcbd286db1d124a2fcf9d32eb25d0_05.02.2019.pdf

g.pdf

onnect.yandex.ru/forms/files?path=%2F10597%2F4d3cc0d087a7905059e37e481cef06fa_12.12.2018_1.pdf"
Школьное,2019-03-06,https://connect.yandex.ru/forms/files?path=%2F42367%2Fececbc33daa6cef7a7ed258401e7b014_06.03.2019.pdf


g.pdf

onnect.yandex.ru/forms/files?path=%2F10597%2F4d3cc0d087a7905059e37e481cef06fa_12.12.2018_1.pdf"
Платное,2019-03-06,https://connect.yandex.ru/forms/files?path=%2F10599%2F2f3cd02d1eed289cd7cf8b1fb9c78408_06.03converted.pdf
g.pdf

onnect.yandex.ru/forms/files?path=%2F10597%2F4d3cc0d087a7905059e37e481cef06fa_12.12.2018_1.pdf"
Дошкольное,2019-03-06,https://connect.yandex.ru/forms/files?path=%2F10428%2F5427791847e860c5616b749ad24af774_06.03.2019.pdf

g.pdf

onnect.yandex.ru/forms/files?path=%2F10597%2F4d3cc0d087a7905059e37e481cef06fa_12.12.2018_1.pdf"
Школьное,2019-03-07,https://connect.yandex.ru/forms/files?path=%2F10428%2F525e2fe1d7ac329b3282be2d8c111dd8_07.03.2019.pdf


g.pdf

onnect.yandex.ru/forms/files?path=%2F10597%2F4d3cc0d087a7905059e37e481cef06fa_12.12.2018_1.pdf"
Платное,2019-03-07,https://connect.yandex.ru/forms/files?path=%2F10427%2F569d0795f44289aec08f94431b2e0587_07.03converted.pdf
g.pdf

onnect.yandex.ru/forms/files?path=%2F10597%2F4d3cc0d087a7905059e37e481cef06fa_12.12.2018_1.pdf"
Дошкольное,2019-03-07,https://connect.yandex.ru/forms/files?path=%2F10597%2F2db89f0072488bf6a6686e40b6536ada_07.02.2019.pdf

g.pdf

onnect.yandex.ru/forms/files?path=%2F10597%2F4d3cc0d087a7905059e37e481cef06fa_12.12.2018_1.pdf"
Дошкольное,2019-03-11,https://connect.yandex.ru/forms/files?path=%2F10599%2Ff78e827a01f8d2b50bd5fc3729a175c9_11.03.2019.pdf

g.pdf

onnect.yandex.ru/forms/files?path=%2F10597%2F4d3cc0d087a7905059e37e481cef06fa_12.12.2018_1.pdf"
Платное,2019-03-12,https://connect.yandex.ru/forms/files?path=%2F10598%2F5cf3cdc3515e54823ec7bfd9249e52ca_1203.pdf
019.pdf

g.pdf

onnect.yandex.ru/forms/files?path=%2F10597%2F4d3cc0d087a7905059e37e481cef06fa_12.12.2018_1.pdf"
Школьное,2019-03-12,https://connect.yandex.ru/forms/files?path=%2F10596%2Fac6eba20623f25b2a983d4869ee85ffd_12.03.2019.pdf


g.pdf

onnect.yandex.ru/forms/files?path=%2F10597%2F4d3cc0d087a7905059e37e481cef06fa_12.12.2018_1.pdf"
Дошкольное,2019-03-12,https://connect.yandex.ru/forms/files?path=%2F10596%2F760284b8b04595633601d0f2a3c0ce08_12.03.2019.pdf

g.pdf

onnect.yandex.ru/forms/files?path=%2F10597%2F4d3cc0d087a7905059e37e481cef06fa_12.12.2018_1.pdf"
Школьное,2019-03-13,https://connect.yandex.ru/forms/files?path=%2F10598%2F44bde019b55d09d7382982e9b797ea49_13.03.2019.pdf


g.pdf

onnect.yandex.ru/forms/files?path=%2F10597%2F4d3cc0d087a7905059e37e481cef06fa_12.12.2018_1.pdf"
Платное,2019-03-13,https://connect.yandex.ru/forms/files?path=%2F10428%2F52629a499c5634c0140f08eb179e7a34_13.03.pdf
.pdf


g.pdf

onnect.yandex.ru/forms/files?path=%2F10597%2F4d3cc0d087a7905059e37e481cef06fa_12.12.2018_1.pdf"
Дошкольное,2019-03-13,https://connect.yandex.ru/forms/files?path=%2F10598%2F5cc4b9c68ba1f88d6b5b39f459d865c9_13.03.2019.pdf

g.pdf

onnect.yandex.ru/forms/files?path=%2F10597%2F4d3cc0d087a7905059e37e481cef06fa_12.12.2018_1.pdf"
Платное,2019-03-14,https://connect.yandex.ru/forms/files?path=%2F10596%2F03f84c5b7fa8d8cb586adcbbb53aac46_14.03.pdf
19.pdf

g.pdf

onnect.yandex.ru/forms/files?path=%2F10597%2F4d3cc0d087a7905059e37e481cef06fa_12.12.2018_1.pdf"
Школьное,2019-03-14,https://connect.yandex.ru/forms/files?path=%2F10598%2F4b4fe4adf177fec59accb59b283c78b9_14.03.2019.pdf


g.pdf

onnect.yandex.ru/forms/files?path=%2F10597%2F4d3cc0d087a7905059e37e481cef06fa_12.12.2018_1.pdf"
Дошкольное,2019-03-14,https://connect.yandex.ru/forms/files?path=%2F11913%2Fadcbcc7a5347cd7b465cc3a2ceffde6d_14.03.2019.pdf

g.pdf

onnect.yandex.ru/forms/files?path=%2F10597%2F4d3cc0d087a7905059e37e481cef06fa_12.12.2018_1.pdf"
Школьное,2019-03-15,https://connect.yandex.ru/forms/files?path=%2F10600%2F26a100da5a8262d3a0adf9d36ce19769_15.03.2019.pdf


g.pdf

onnect.yandex.ru/forms/files?path=%2F10597%2F4d3cc0d087a7905059e37e481cef06fa_12.12.2018_1.pdf"
Платное,2019-03-15,https://connect.yandex.ru/forms/files?path=%2F10596%2F35e0d1e7870594b8fb2d3ddb87a8bff3_15.03.pdf
.pdf


g.pdf

onnect.yandex.ru/forms/files?path=%2F10597%2F4d3cc0d087a7905059e37e481cef06fa_12.12.2018_1.pdf"
Дошкольное,2019-03-15,https://connect.yandex.ru/forms/files?path=%2F10598%2F902418115608101bfd1b23a3cea947a9_15525574735386023658659944359540.jpg
.ru/forms/files?path=%2F10597%2F4d3cc0d087a7905059e37e481cef06fa_12.12.2018_1.pdf"
Школьное,2019-03-18,https://connect.yandex.ru/forms/files?path=%2F10596%2F96cd9ef14ef6fc63bb6876d1e40719d4_18.03.2019.pdf
023658659944359540.jpg
.ru/forms/files?path=%2F10597%2F4d3cc0d087a7905059e37e481cef06fa_12.12.2018_1.pdf"
Дошкольное,2019-03-18,https://connect.yandex.ru/forms/files?path=%2F10598%2F0c63586d0b7cf37e2efd61a5074441b5_18.03.2019.pdf
3658659944359540.jpg
.ru/forms/files?path=%2F10597%2F4d3cc0d087a7905059e37e481cef06fa_12.12.2018_1.pdf"
Платное,2019-03-18,https://connect.yandex.ru/forms/files?path=%2F42367%2F20f7e33e04795edf98128beeb79f13dc_18.03.pdf
19.pdf
3658659944359540.jpg
.ru/forms/files?path=%2F10597%2F4d3cc0d087a7905059e37e481cef06fa_12.12.2018_1.pdf"
Дошкольное,2019-03-19,https://connect.yandex.ru/forms/files?path=%2F10596%2F8e36d1fd5d0aa900dd51cd3ca1a08dab_19.09.2019.pdf
3658659944359540.jpg
.ru/forms/files?path=%2F10597%2F4d3cc0d087a7905059e37e481cef06fa_12.12.2018_1.pdf"
Школьное,2019-03-19,https://connect.yandex.ru/forms/files?path=%2F10599%2Fc00c2b20f4e77423f8edb1bd459863d9_19.03.2019.pdf

3658659944359540.jpg
.ru/forms/files?path=%2F10597%2F4d3cc0d087a7905059e37e481cef06fa_12.12.2018_1.pdf"
Платное,2019-03-19,https://connect.yandex.ru/forms/files?path=%2F10599%2Fc81d1ca473100079704a9c4cab80fa42_19.03.pdf
.pdf

3658659944359540.jpg
.ru/forms/files?path=%2F10597%2F4d3cc0d087a7905059e37e481cef06fa_12.12.2018_1.pdf"
Школьное,2019-03-20,https://connect.yandex.ru/forms/files?path=%2F42367%2Ff39abcb90712da2d7bf9b45793162745_20.03.2019.pdf

3658659944359540.jpg
.ru/forms/files?path=%2F10597%2F4d3cc0d087a7905059e37e481cef06fa_12.12.2018_1.pdf"
Платное,2019-03-20,https://connect.yandex.ru/forms/files?path=%2F10598%2F1167d8066ea2497ee2344930a8883d04_20.03.pdf
.pdf

3658659944359540.jpg
.ru/forms/files?path=%2F10597%2F4d3cc0d087a7905059e37e481cef06fa_12.12.2018_1.pdf"
Дошкольное,2019-03-20,https://connect.yandex.ru/forms/files?path=%2F10600%2F30145c48fc43c4d00020c51263e1a698_20.03.2019.pdf
3658659944359540.jpg
.ru/forms/files?path=%2F10597%2F4d3cc0d087a7905059e37e481cef06fa_12.12.2018_1.pdf"
Школьное,2019-03-21,https://connect.yandex.ru/forms/files?path=%2F10599%2F8893fcdc524ef11398373cfd5cb99d2c_21.03.2019.pdf

3658659944359540.jpg
.ru/forms/files?path=%2F10597%2F4d3cc0d087a7905059e37e481cef06fa_12.12.2018_1.pdf"
Платное,2019-03-21,https://connect.yandex.ru/forms/files?path=%2F10596%2Fbadb907a3ebe3c00751fd6b0ab6097de_21.03.pdf
.pdf

3658659944359540.jpg
.ru/forms/files?path=%2F10597%2F4d3cc0d087a7905059e37e481cef06fa_12.12.2018_1.pdf"
Дошкольное,2019-03-21,https://connect.yandex.ru/forms/files?path=%2F10428%2F5404977c60233ba706708a9c3705cf02_21.03.2019.pdf
3658659944359540.jpg
.ru/forms/files?path=%2F10597%2F4d3cc0d087a7905059e37e481cef06fa_12.12.2018_1.pdf"
Школьное,2019-03-22,https://connect.yandex.ru/forms/files?path=%2F42367%2F5a3fb736f804d68a8be1712a8aaaf7d7_22.03.2019.pdf

3658659944359540.jpg
.ru/forms/files?path=%2F10597%2F4d3cc0d087a7905059e37e481cef06fa_12.12.2018_1.pdf"
Дошкольное,2019-03-22,https://connect.yandex.ru/forms/files?path=%2F11913%2Fab2f88223c86d10079971caead22f03e_22.03.2019.pdf
3658659944359540.jpg
.ru/forms/files?path=%2F10597%2F4d3cc0d087a7905059e37e481cef06fa_12.12.2018_1.pdf"
Дошкольное,2019-03-25,https://connect.yandex.ru/forms/files?path=%2F10428%2Fd377d313c9ace2140ede492622c1829d_25.03.2019.pdf
3658659944359540.jpg
.ru/forms/files?path=%2F10597%2F4d3cc0d087a7905059e37e481cef06fa_12.12.2018_1.pdf"
Дошкольное,2019-03-26,https://connect.yandex.ru/forms/files?path=%2F10427%2F187d7414ec438139ab45358c451a0834_26.03.2019.pdf
3658659944359540.jpg
.ru/forms/files?path=%2F10597%2F4d3cc0d087a7905059e37e481cef06fa_12.12.2018_1.pdf"
Дошкольное,2019-03-27,https://connect.yandex.ru/forms/files?path=%2F10598%2F8152298ecf5ad3f70a0b2eab95b06773_27.03.2019.pdf
3658659944359540.jpg
.ru/forms/files?path=%2F10597%2F4d3cc0d087a7905059e37e481cef06fa_12.12.2018_1.pdf"
Дошкольное,2019-03-28,https://connect.yandex.ru/forms/files?path=%2F10599%2F90cfa35f2515d9ddff4b7c9666d6711c_28.03.2019.pdf
3658659944359540.jpg
.ru/forms/files?path=%2F10597%2F4d3cc0d087a7905059e37e481cef06fa_12.12.2018_1.pdf"
Дошкольное,2019-03-29,https://connect.yandex.ru/forms/files?path=%2F10597%2F4790a366d41ea175013c1f39e016b508_29.03.2019.pdf
3658659944359540.jpg
.ru/forms/files?path=%2F10597%2F4d3cc0d087a7905059e37e481cef06fa_12.12.2018_1.pdf"
Дошкольное,2019-04-01,https://connect.yandex.ru/forms/files?path=%2F11913%2F3a0caf38c17f00923b8aa6ec20daac51_01.04.2019.pdf
3658659944359540.jpg
.ru/forms/files?path=%2F10597%2F4d3cc0d087a7905059e37e481cef06fa_12.12.2018_1.pdf"
Школьное,2019-04-01,https://connect.yandex.ru/forms/files?path=%2F42367%2Fc77fa4f09c1e78b19589b50240d1aa0e_01.04.2019.pdf

3658659944359540.jpg
.ru/forms/files?path=%2F10597%2F4d3cc0d087a7905059e37e481cef06fa_12.12.2018_1.pdf"
Школьное,2019-04-02,https://connect.yandex.ru/forms/files?path=%2F10597%2F8e331a1fb613af613237a96717419bd9_02.04.2019.pdf

3658659944359540.jpg
.ru/forms/files?path=%2F10597%2F4d3cc0d087a7905059e37e481cef06fa_12.12.2018_1.pdf"
Платное,2019-04-02,https://connect.yandex.ru/forms/files?path=%2F10596%2F6edc10443c69abf8518e8d6879abab71_02.04.pdf
.pdf

3658659944359540.jpg
.ru/forms/files?path=%2F10597%2F4d3cc0d087a7905059e37e481cef06fa_12.12.2018_1.pdf"
Дошкольное,2019-04-02,https://connect.yandex.ru/forms/files?path=%2F42367%2F8338eebe1fc017818f7dad954d74c69c_02.04.2019.pdf
3658659944359540.jpg
.ru/forms/files?path=%2F10597%2F4d3cc0d087a7905059e37e481cef06fa_12.12.2018_1.pdf"
Школьное,2019-04-03,https://connect.yandex.ru/forms/files?path=%2F42367%2F510d205da11eb3ee580b830a08af519a_03.04.2019.pdf

3658659944359540.jpg
.ru/forms/files?path=%2F10597%2F4d3cc0d087a7905059e37e481cef06fa_12.12.2018_1.pdf"
Платное,2019-04-03,https://connect.yandex.ru/forms/files?path=%2F10599%2F353d8dd3990e97070d27bfb7d2c978da_03.04_1.pdf
df

3658659944359540.jpg
.ru/forms/files?path=%2F10597%2F4d3cc0d087a7905059e37e481cef06fa_12.12.2018_1.pdf"
Дошкольное,2019-04-03,https://connect.yandex.ru/forms/files?path=%2F10428%2F2c81986b9ef07cbb0896481bc77a843e_03.04.2019.pdf
3658659944359540.jpg
.ru/forms/files?path=%2F10597%2F4d3cc0d087a7905059e37e481cef06fa_12.12.2018_1.pdf"
Платное,2019-04-04,https://connect.yandex.ru/forms/files?path=%2F10600%2F3f0f3335e094c452be9053a1cfedfaa6_04.04.pdf
19.pdf
3658659944359540.jpg
.ru/forms/files?path=%2F10597%2F4d3cc0d087a7905059e37e481cef06fa_12.12.2018_1.pdf"
Школьное,2019-04-04,https://connect.yandex.ru/forms/files?path=%2F10600%2Fcc1774edbde34a7e10ff329348278487_04.04.2019.pdf

3658659944359540.jpg
.ru/forms/files?path=%2F10597%2F4d3cc0d087a7905059e37e481cef06fa_12.12.2018_1.pdf"
Дошкольное,2019-04-04,https://connect.yandex.ru/forms/files?path=%2F10427%2Ffeee02c56579f1e77747e03f99efe890_04.04.2019.pdf
3658659944359540.jpg
.ru/forms/files?path=%2F10597%2F4d3cc0d087a7905059e37e481cef06fa_12.12.2018_1.pdf"
Школьное,2019-04-05,https://connect.yandex.ru/forms/files?path=%2F10428%2F32f0b55db18f9f26a23f75d736b0899c_05.04.2019.pdf

3658659944359540.jpg
.ru/forms/files?path=%2F10597%2F4d3cc0d087a7905059e37e481cef06fa_12.12.2018_1.pdf"
Платное,2019-04-05,https://connect.yandex.ru/forms/files?path=%2F10599%2F28c14062789cc05ca1724861a901d25a_05.04.pdf
.pdf

3658659944359540.jpg
.ru/forms/files?path=%2F10597%2F4d3cc0d087a7905059e37e481cef06fa_12.12.2018_1.pdf"
Дошкольное,2019-04-05,https://connect.yandex.ru/forms/files?path=%2F42367%2Fe61993dd4f179ff039fe0aa964603e8e_05.04.2019.pdf
3658659944359540.jpg
.ru/forms/files?path=%2F10597%2F4d3cc0d087a7905059e37e481cef06fa_12.12.2018_1.pdf"
Школьное,2019-04-08,https://connect.yandex.ru/forms/files?path=%2F10596%2F1819d689cba9efbad0a4198322028c53_08.04.2019.pdf

3658659944359540.jpg
.ru/forms/files?path=%2F10597%2F4d3cc0d087a7905059e37e481cef06fa_12.12.2018_1.pdf"
Платное,2019-04-08,https://connect.yandex.ru/forms/files?path=%2F42367%2F7725ef5623750de1a0cdee78a09bed9e_08.04.pdf
.pdf

3658659944359540.jpg
.ru/forms/files?path=%2F10597%2F4d3cc0d087a7905059e37e481cef06fa_12.12.2018_1.pdf"
Дошкольное,2019-04-08,https://connect.yandex.ru/forms/files?path=%2F10598%2F5e536a80eb7d77f7e7e51f3f68fe400e_08.04.2019.pdf
3658659944359540.jpg
.ru/forms/files?path=%2F10597%2F4d3cc0d087a7905059e37e481cef06fa_12.12.2018_1.pdf"
Дошкольное,2019-04-09,https://connect.yandex.ru/forms/files?path=%2F10428%2Ffe6c8764e0fd886cfc39aa6eabee6f77_09.04.2019.pdf
3658659944359540.jpg
.ru/forms/files?path=%2F10597%2F4d3cc0d087a7905059e37e481cef06fa_12.12.2018_1.pdf"
Школьное,2019-04-09,https://connect.yandex.ru/forms/files?path=%2F10600%2F93ba27fafa3328520f2b89e7bb5e9a17_09.04.2019.pdf

3658659944359540.jpg
.ru/forms/files?path=%2F10597%2F4d3cc0d087a7905059e37e481cef06fa_12.12.2018_1.pdf"
Школьное,2019-04-09,https://connect.yandex.ru/forms/files?path=%2F10598%2Fb16bc835bf0e4e4307a3efee860071bd_09.04.2019.pdf

3658659944359540.jpg
.ru/forms/files?path=%2F10597%2F4d3cc0d087a7905059e37e481cef06fa_12.12.2018_1.pdf"
Платное,2019-04-09,https://connect.yandex.ru/forms/files?path=%2F10596%2F62a16a6ff66eb6beb54bb72cb2d8f64e_0904.pdf
9.pdf

3658659944359540.jpg
.ru/forms/files?path=%2F10597%2F4d3cc0d087a7905059e37e481cef06fa_12.12.2018_1.pdf"
Школьное,2019-04-10,https://connect.yandex.ru/forms/files?path=%2F10428%2Fb63a84291fb5830a18d4b1eaf7eae334_10.04.2019.pdf

3658659944359540.jpg
.ru/forms/files?path=%2F10597%2F4d3cc0d087a7905059e37e481cef06fa_12.12.2018_1.pdf"
Платное,2019-04-10,https://connect.yandex.ru/forms/files?path=%2F10598%2Fcd9b9acf08b4a5fa10af8b720ea479d6_10.04.pdf
.pdf

3658659944359540.jpg
.ru/forms/files?path=%2F10597%2F4d3cc0d087a7905059e37e481cef06fa_12.12.2018_1.pdf"
Дошкольное,2019-04-10,https://connect.yandex.ru/forms/files?path=%2F10598%2F7d5542836854c2ae77cf87185f580a7f_10.04.2019.pdf
3658659944359540.jpg
.ru/forms/files?path=%2F10597%2F4d3cc0d087a7905059e37e481cef06fa_12.12.2018_1.pdf"
Школьное,2019-04-11,https://connect.yandex.ru/forms/files?path=%2F10598%2Fc6a21ea83419b4eb9838b55262439d05_11.04.2019.pdf

3658659944359540.jpg
.ru/forms/files?path=%2F10597%2F4d3cc0d087a7905059e37e481cef06fa_12.12.2018_1.pdf"
Платное,2019-04-11,https://connect.yandex.ru/forms/files?path=%2F10598%2F6d66ed2465f6c888523425550dc63466_11.04.pdf
.pdf

3658659944359540.jpg
.ru/forms/files?path=%2F10597%2F4d3cc0d087a7905059e37e481cef06fa_12.12.2018_1.pdf"
Дошкольное,2019-04-11,https://connect.yandex.ru/forms/files?path=%2F10596%2Ff4351f61b768b496354c6d083f248f27_11.04.2019.pdf
3658659944359540.jpg
.ru/forms/files?path=%2F10597%2F4d3cc0d087a7905059e37e481cef06fa_12.12.2018_1.pdf"
Дошкольное,2019-04-12,https://connect.yandex.ru/forms/files?path=%2F10599%2F5b68d54d9b2579769d8945ae9cf0a6f7_12.04.2019.pdf
3658659944359540.jpg
.ru/forms/files?path=%2F10597%2F4d3cc0d087a7905059e37e481cef06fa_12.12.2018_1.pdf"
Школьное,2019-04-12,https://connect.yandex.ru/forms/files?path=%2F10596%2Fdcc79c288238517257e9e56646969c4a_12.04.2019.pdf

3658659944359540.jpg
.ru/forms/files?path=%2F10597%2F4d3cc0d087a7905059e37e481cef06fa_12.12.2018_1.pdf"
Платное,2019-04-12,https://connect.yandex.ru/forms/files?path=%2F10596%2F9b9569b2400ddc8329115ea4cff50470_12.04.pdf
.pdf

3658659944359540.jpg
.ru/forms/files?path=%2F10597%2F4d3cc0d087a7905059e37e481cef06fa_12.12.2018_1.pdf"
Дошкольное,2019-04-15,https://connect.yandex.ru/forms/files?path=%2F10598%2Fd6c9d2f079005e8be1ccc7cc8288d1fd_15.04.2019.pdf
3658659944359540.jpg
.ru/forms/files?path=%2F10597%2F4d3cc0d087a7905059e37e481cef06fa_12.12.2018_1.pdf"
Платное,2019-04-15,https://connect.yandex.ru/forms/files?path=%2F10596%2Fe18df64427bc36972005999a3bee6bc7_15.04.pdf
19.pdf
3658659944359540.jpg
.ru/forms/files?path=%2F10597%2F4d3cc0d087a7905059e37e481cef06fa_12.12.2018_1.pdf"
Школьное,2019-04-16,https://connect.yandex.ru/forms/files?path=%2F10598%2F6bf9438bc593b93bec8e890fe9f45825_16.04.2019.pdf

3658659944359540.jpg
.ru/forms/files?path=%2F10597%2F4d3cc0d087a7905059e37e481cef06fa_12.12.2018_1.pdf"
Платное,2019-04-16,https://connect.yandex.ru/forms/files?path=%2F42367%2F3a6215324d09d9aeb532e4afaf10c6aa_16.04.pdf
.pdf

3658659944359540.jpg
.ru/forms/files?path=%2F10597%2F4d3cc0d087a7905059e37e481cef06fa_12.12.2018_1.pdf"
Дошкольное,2019-04-16,https://connect.yandex.ru/forms/files?path=%2F42367%2F2b714ac4723454f86c70b815ae18ffa2_16.04.2019.pdf
3658659944359540.jpg
.ru/forms/files?path=%2F10597%2F4d3cc0d087a7905059e37e481cef06fa_12.12.2018_1.pdf"
Школьное,2019-04-17,https://connect.yandex.ru/forms/files?path=%2F42367%2F24498e87c3e1933685864b021b50b322_17.04.2019.pdf

3658659944359540.jpg
.ru/forms/files?path=%2F10597%2F4d3cc0d087a7905059e37e481cef06fa_12.12.2018_1.pdf"
Платное,2019-04-17,https://connect.yandex.ru/forms/files?path=%2F42367%2F9da767489a49d3675f38bc63b77c9299_17.04.pdf
.pdf

3658659944359540.jpg
.ru/forms/files?path=%2F10597%2F4d3cc0d087a7905059e37e481cef06fa_12.12.2018_1.pdf"
Дошкольное,2019-04-17,https://connect.yandex.ru/forms/files?path=%2F42367%2F982a5e3b0e6fdbf8388c3d3f7ccbd6fe_17.04.2019.pdf
3658659944359540.jpg
.ru/forms/files?path=%2F10597%2F4d3cc0d087a7905059e37e481cef06fa_12.12.2018_1.pdf"
Школьное,2019-04-18,https://connect.yandex.ru/forms/files?path=%2F10598%2F101d20e1309203729ccbb1694f537430_18.04.2019.pdf

3658659944359540.jpg
.ru/forms/files?path=%2F10597%2F4d3cc0d087a7905059e37e481cef06fa_12.12.2018_1.pdf"
Дошкольное,2019-04-18,https://connect.yandex.ru/forms/files?path=%2F10599%2F2f1fad3e9226c5d8c732ead3bfd7c259_18.04.2019.pdf
3658659944359540.jpg
.ru/forms/files?path=%2F10597%2F4d3cc0d087a7905059e37e481cef06fa_12.12.2018_1.pdf"
Платное,2019-04-18,https://connect.yandex.ru/forms/files?path=%2F10598%2F176ec1379d2d0d42f2e3fbafbf9f0f8c_18.04.pdf
19.pdf
3658659944359540.jpg
.ru/forms/files?path=%2F10597%2F4d3cc0d087a7905059e37e481cef06fa_12.12.2018_1.pdf"
Платное,2019-04-19,https://connect.yandex.ru/forms/files?path=%2F10600%2F6ac703e1a6025f957c59518d78048534_19.04.pdf
19.pdf
3658659944359540.jpg
.ru/forms/files?path=%2F10597%2F4d3cc0d087a7905059e37e481cef06fa_12.12.2018_1.pdf"
Школьное,2019-04-19,https://connect.yandex.ru/forms/files?path=%2F10597%2F8c59881b66a041ad4703913408d696be_19.04.2019.pdf

3658659944359540.jpg
.ru/forms/files?path=%2F10597%2F4d3cc0d087a7905059e37e481cef06fa_12.12.2018_1.pdf"
Дошкольное,2019-04-19,https://connect.yandex.ru/forms/files?path=%2F42367%2F51db86434f15092462f73c3fe489d28d_19.04.2019.pdf
3658659944359540.jpg
.ru/forms/files?path=%2F10597%2F4d3cc0d087a7905059e37e481cef06fa_12.12.2018_1.pdf"
Школьное,2019-04-22,https://connect.yandex.ru/forms/files?path=%2F10597%2Ffaf6c125d73da2f65566e06becd0ca43_22.04.2019.pdf

3658659944359540.jpg
.ru/forms/files?path=%2F10597%2F4d3cc0d087a7905059e37e481cef06fa_12.12.2018_1.pdf"
Дошкольное,2019-04-22,https://connect.yandex.ru/forms/files?path=%2F42367%2Ff51d7b7e8905e2c61b73f29c6b8fbeea_22.04.2019.pdf
3658659944359540.jpg
.ru/forms/files?path=%2F10597%2F4d3cc0d087a7905059e37e481cef06fa_12.12.2018_1.pdf"
Платное,2019-04-22,https://connect.yandex.ru/forms/files?path=%2F10598%2F10ef20d88ce1fc79b451a6a6c59ecaf3_22.04.pdf
19.pdf
3658659944359540.jpg
.ru/forms/files?path=%2F10597%2F4d3cc0d087a7905059e37e481cef06fa_12.12.2018_1.pdf"
Школьное,2019-04-23,https://connect.yandex.ru/forms/files?path=%2F10599%2F35b0ccc1947139f6ec833e0462b9aead_23.04.2019.pdf

3658659944359540.jpg
.ru/forms/files?path=%2F10597%2F4d3cc0d087a7905059e37e481cef06fa_12.12.2018_1.pdf"
Дошкольное,2019-04-23,https://connect.yandex.ru/forms/files?path=%2F10597%2F1bd517ac6c62e9f72eb8683f43503b16_23.04.2019.pdf
3658659944359540.jpg
.ru/forms/files?path=%2F10597%2F4d3cc0d087a7905059e37e481cef06fa_12.12.2018_1.pdf"
Платное,2019-04-23,https://connect.yandex.ru/forms/files?path=%2F10428%2F2461d224cc87e7066aa05f888be77e30_23.04.pdf
19.pdf
3658659944359540.jpg
.ru/forms/files?path=%2F10597%2F4d3cc0d087a7905059e37e481cef06fa_12.12.2018_1.pdf"
Школьное,2019-04-24,https://connect.yandex.ru/forms/files?path=%2F10596%2F0edcb279c79602e2f61f9a3cf792d32a_24.04.2019.pdf

3658659944359540.jpg
.ru/forms/files?path=%2F10597%2F4d3cc0d087a7905059e37e481cef06fa_12.12.2018_1.pdf"
Дошкольное,2019-04-24,https://connect.yandex.ru/forms/files?path=%2F11913%2F64e79a2a525870b525ff233bf8e749d1_24.04.2019.pdf
3658659944359540.jpg
.ru/forms/files?path=%2F10597%2F4d3cc0d087a7905059e37e481cef06fa_12.12.2018_1.pdf"
Платное,2019-04-24,https://connect.yandex.ru/forms/files?path=%2F10597%2F857c7664cd39917d6ef87f2ad5f893b8_24.04.pdf
19.pdf
3658659944359540.jpg
.ru/forms/files?path=%2F10597%2F4d3cc0d087a7905059e37e481cef06fa_12.12.2018_1.pdf"
Школьное,2019-04-25,https://connect.yandex.ru/forms/files?path=%2F10600%2F65b2914d7b65332b3fdc53d974128ee1_25.04.2019.pdf

3658659944359540.jpg
.ru/forms/files?path=%2F10597%2F4d3cc0d087a7905059e37e481cef06fa_12.12.2018_1.pdf"
Платное,2019-04-25,https://connect.yandex.ru/forms/files?path=%2F11913%2F04f3bf3134f2bb5e07713a9c4c230ab2_25.04.pdf
.pdf

3658659944359540.jpg
.ru/forms/files?path=%2F10597%2F4d3cc0d087a7905059e37e481cef06fa_12.12.2018_1.pdf"
Дошкольное,2019-04-25,https://connect.yandex.ru/forms/files?path=%2F10598%2F75ba7ad24b1b4623f37b0a0bef857d95_25.04.2019.pdf
3658659944359540.jpg
.ru/forms/files?path=%2F10597%2F4d3cc0d087a7905059e37e481cef06fa_12.12.2018_1.pdf"
Школьное,2019-04-26,https://connect.yandex.ru/forms/files?path=%2F10596%2F21991ea199386e38ec1ded6e410f0445_26.04.2019.pdf

3658659944359540.jpg
.ru/forms/files?path=%2F10597%2F4d3cc0d087a7905059e37e481cef06fa_12.12.2018_1.pdf"
Дошкольное,2019-04-26,https://connect.yandex.ru/forms/files?path=%2F10428%2Fd11f7f821167cc9bd726edcd33452752_26.04.2019.pdf
3658659944359540.jpg
.ru/forms/files?path=%2F10597%2F4d3cc0d087a7905059e37e481cef06fa_12.12.2018_1.pdf"
Дошкольное,2019-04-29,https://connect.yandex.ru/forms/files?path=%2F10600%2F780ee19628b7988b3ce35e62ddded003_29.04.2019.pdf
3658659944359540.jpg
.ru/forms/files?path=%2F10597%2F4d3cc0d087a7905059e37e481cef06fa_12.12.2018_1.pdf"
Платное,2019-04-29,https://connect.yandex.ru/forms/files?path=%2F11913%2Fd5dc729e4f84123139cbf76e9ea0763c_29.04.pdf
19.pdf
3658659944359540.jpg
.ru/forms/files?path=%2F10597%2F4d3cc0d087a7905059e37e481cef06fa_12.12.2018_1.pdf"
Школьное,2019-04-29,"https://connect.yandex.ru/forms/files?path=%2F10598%2F3dbca4188e74137b7eed85b568080b97_29.2.pdf
https://connect.yandex.ru/forms/files?path=%2F10600%2Fd7c11574b5323bcf91759ed5a558809c_29.1.pdf"
12.2018_1.pdf"
Платное,2019-04-30,https://connect.yandex.ru/forms/files?path=%2F10600%2F088d772622772bff6af64b8f2ae9646b_30.04.pdf
https://connect.yandex.ru/forms/files?path=%2F10600%2Fd7c11574b5323bcf91759ed5a558809c_29.1.pdf"
12.2018_1.pdf"
Школьное,2019-04-30,https://connect.yandex.ru/forms/files?path=%2F10598%2Fa82d9096e4ec18cd32244407ff3525f5_30.04.2019.pdf
//connect.yandex.ru/forms/files?path=%2F10600%2Fd7c11574b5323bcf91759ed5a558809c_29.1.pdf"
12.2018_1.pdf"
Дошкольное,2019-04-30,https://connect.yandex.ru/forms/files?path=%2F42367%2F674d6f44ab08b69f2db89ae3a5fb4f93_30.04.2019.pdf
connect.yandex.ru/forms/files?path=%2F10600%2Fd7c11574b5323bcf91759ed5a558809c_29.1.pdf"
12.2018_1.pdf"
Дошкольное,2019-05-06,https://connect.yandex.ru/forms/files?path=%2F10597%2F9bbb47609790d76c662c515573652a13_06.05.2019.pdf
connect.yandex.ru/forms/files?path=%2F10600%2Fd7c11574b5323bcf91759ed5a558809c_29.1.pdf"
12.2018_1.pdf"
Дошкольное,2019-05-07,https://connect.yandex.ru/forms/files?path=%2F11913%2F8884b829ed85a4eb021236aac78c8076_07.05.2019.pdf
connect.yandex.ru/forms/files?path=%2F10600%2Fd7c11574b5323bcf91759ed5a558809c_29.1.pdf"
12.2018_1.pdf"
Школьное,2019-05-07,"https://connect.yandex.ru/forms/files?path=%2F11913%2F4f5546f153581f7293efea296a3af289_07.1.pdf
https://connect.yandex.ru/forms/files?path=%2F11913%2Ffbd95c35bc4ecf25849cd7393442dace_07.pdf"

12.2018_1.pdf"
Платное,2019-05-07,https://connect.yandex.ru/forms/files?path=%2F10428%2F101a7e9208fa9ad458837f35a8a677c1_07.04.pdf
https://connect.yandex.ru/forms/files?path=%2F11913%2Ffbd95c35bc4ecf25849cd7393442dace_07.pdf"

12.2018_1.pdf"
Дошкольное,2019-05-08,https://connect.yandex.ru/forms/files?path=%2F10597%2F5e696b8c7c7ebbd8e5451de61440cdd4_08.05.2019.pdf
connect.yandex.ru/forms/files?path=%2F11913%2Ffbd95c35bc4ecf25849cd7393442dace_07.pdf"

12.2018_1.pdf"
Платное,2019-05-08,https://connect.yandex.ru/forms/files?path=%2F10599%2Fb3d1b1d1b6feaa66aac7181371533053_08.05.pdf
19.pdf
connect.yandex.ru/forms/files?path=%2F11913%2Ffbd95c35bc4ecf25849cd7393442dace_07.pdf"

12.2018_1.pdf"
Школьное,2019-05-08,"https://connect.yandex.ru/forms/files?path=%2F10598%2Ff9510958cd34bec6ab516ff6e4d1cab7_08.1.pdf
https://connect.yandex.ru/forms/files?path=%2F11913%2F140cf3b64dce239538a9ed46a952693a_08.pdf"

12.2018_1.pdf"
Школьное,2019-05-13,https://connect.yandex.ru/forms/files?path=%2F10598%2F10ce65dfba2effcdce3429f0414e9503_13.05.2019.pdf
//connect.yandex.ru/forms/files?path=%2F11913%2F140cf3b64dce239538a9ed46a952693a_08.pdf"

12.2018_1.pdf"
Школьное,2019-05-14,https://connect.yandex.ru/forms/files?path=%2F11913%2F0846f38a3fd979873f0e8f80e32d46fd_14.05.2019.pdf
//connect.yandex.ru/forms/files?path=%2F11913%2F140cf3b64dce239538a9ed46a952693a_08.pdf"

12.2018_1.pdf"
Платное,2019-05-14,https://connect.yandex.ru/forms/files?path=%2F10596%2F2fb8a8fda0140fe5b753480c3a65834a_14.05.pdf
.pdf
//connect.yandex.ru/forms/files?path=%2F11913%2F140cf3b64dce239538a9ed46a952693a_08.pdf"

12.2018_1.pdf"
Школьное,2019-05-15,https://connect.yandex.ru/forms/files?path=%2F10597%2F5e7a93db47861aa106acb5f27bd3fa2d_15.05.2019.pdf
//connect.yandex.ru/forms/files?path=%2F11913%2F140cf3b64dce239538a9ed46a952693a_08.pdf"

12.2018_1.pdf"
Платное,2019-05-15,https://connect.yandex.ru/forms/files?path=%2F10427%2Fe95172c97a54ed00c991207da7028597_15.05.pdf
.pdf
//connect.yandex.ru/forms/files?path=%2F11913%2F140cf3b64dce239538a9ed46a952693a_08.pdf"

12.2018_1.pdf"
Дошкольное,2019-05-14,https://connect.yandex.ru/forms/files?path=%2F10600%2F6ed99d1628ee6ee42d2b9f0136ec9aca_14.05.2019.pdf
connect.yandex.ru/forms/files?path=%2F11913%2F140cf3b64dce239538a9ed46a952693a_08.pdf"

12.2018_1.pdf"
Дошкольное,2019-05-15,https://connect.yandex.ru/forms/files?path=%2F10599%2F72ccb3da72dc346794d7ce864d10c856_15.05.2019.pdf
connect.yandex.ru/forms/files?path=%2F11913%2F140cf3b64dce239538a9ed46a952693a_08.pdf"

12.2018_1.pdf"
Школьное,2019-05-16,https://connect.yandex.ru/forms/files?path=%2F42367%2F5fd8e8a2def9828740af2cae1ebf0b8f_16.05.2019.pdf

connect.yandex.ru/forms/files?path=%2F11913%2F140cf3b64dce239538a9ed46a952693a_08.pdf"

12.2018_1.pdf"
Платное,2019-05-16,https://connect.yandex.ru/forms/files?path=%2F10598%2F637274e3c57a54d6a0dd1f4d95340b0d_merged_pdf.io_1.pdf
nnect.yandex.ru/forms/files?path=%2F11913%2F140cf3b64dce239538a9ed46a952693a_08.pdf"

12.2018_1.pdf"
Школьное,2019-05-17,https://connect.yandex.ru/forms/files?path=%2F10600%2Fc8151f80767ca8d72dcaee864da44971_17.05.2019.pdf
df
nnect.yandex.ru/forms/files?path=%2F11913%2F140cf3b64dce239538a9ed46a952693a_08.pdf"

12.2018_1.pdf"
Платное,2019-05-17,https://connect.yandex.ru/forms/files?path=%2F10599%2F42dacf7b70beb55c6636ba37de3780a8_17.05.pdf
.pdf
df
nnect.yandex.ru/forms/files?path=%2F11913%2F140cf3b64dce239538a9ed46a952693a_08.pdf"

12.2018_1.pdf"
Школьное,2019-05-20,https://connect.yandex.ru/forms/files?path=%2F10598%2F30f1921b72ccf528d3904c7ba5bae724_20.05.2019.pdf
df
nnect.yandex.ru/forms/files?path=%2F11913%2F140cf3b64dce239538a9ed46a952693a_08.pdf"

12.2018_1.pdf"
Дошкольное,2019-05-20,https://connect.yandex.ru/forms/files?path=%2F10596%2F4c0ba0e10f6c8d50277108162f0efbde_menyu_na_20.05.2019.pdf
andex.ru/forms/files?path=%2F11913%2F140cf3b64dce239538a9ed46a952693a_08.pdf"

12.2018_1.pdf"
Платное,2019-05-20,https://connect.yandex.ru/forms/files?path=%2F10598%2F23909b8ddf7aeaa8787184e97fb791ee_20.05.pdf
_20.05.2019.pdf
andex.ru/forms/files?path=%2F11913%2F140cf3b64dce239538a9ed46a952693a_08.pdf"

12.2018_1.pdf"
Платное,2019-05-21,https://connect.yandex.ru/forms/files?path=%2F42367%2Fea563cd45f07f35369b8bbe8a320a02e_21.05.pdf
_20.05.2019.pdf
andex.ru/forms/files?path=%2F11913%2F140cf3b64dce239538a9ed46a952693a_08.pdf"

12.2018_1.pdf"
Школьное,2019-05-21,https://connect.yandex.ru/forms/files?path=%2F10427%2F7aab6de8792b55999e2875ec1f726e70_21.05.2019.pdf
.2019.pdf
andex.ru/forms/files?path=%2F11913%2F140cf3b64dce239538a9ed46a952693a_08.pdf"

12.2018_1.pdf"
Дошкольное,2019-05-20,https://connect.yandex.ru/forms/files?path=%2F42367%2F3fefb14d78d8e9c36cfbb0832499e9dc_20.05.2019.pdf
019.pdf
andex.ru/forms/files?path=%2F11913%2F140cf3b64dce239538a9ed46a952693a_08.pdf"

12.2018_1.pdf"
Дошкольное,2019-05-21,https://connect.yandex.ru/forms/files?path=%2F10600%2F5f82999e3091c71f318e932c2566723b_21.05.2019.pdf
019.pdf
andex.ru/forms/files?path=%2F11913%2F140cf3b64dce239538a9ed46a952693a_08.pdf"

12.2018_1.pdf"
Дошкольное,2019-05-22,https://connect.yandex.ru/forms/files?path=%2F10597%2Fcf7fa285c4a7f60d9d5256ecefc5ce96_22.05.2019.pdf
019.pdf
andex.ru/forms/files?path=%2F11913%2F140cf3b64dce239538a9ed46a952693a_08.pdf"

12.2018_1.pdf"
Школьное,2019-05-22,https://connect.yandex.ru/forms/files?path=%2F10599%2Fce80c4177cf50e071eb39f1892a0ddc3_22.05.2019.pdf

019.pdf
andex.ru/forms/files?path=%2F11913%2F140cf3b64dce239538a9ed46a952693a_08.pdf"

12.2018_1.pdf"
Платное,2019-05-22,https://connect.yandex.ru/forms/files?path=%2F10598%2F645bf9b0b6415f992dcd3a42a983cf97_22.05.pdf
.pdf

019.pdf
andex.ru/forms/files?path=%2F11913%2F140cf3b64dce239538a9ed46a952693a_08.pdf"

12.2018_1.pdf"
Школьное,2019-05-23,https://connect.yandex.ru/forms/files?path=%2F10599%2F87c1866efedcb643f353304f7b050f5d_23.05.2019.pdf

019.pdf
andex.ru/forms/files?path=%2F11913%2F140cf3b64dce239538a9ed46a952693a_08.pdf"

12.2018_1.pdf"
Дошкольное,2019-05-23,https://connect.yandex.ru/forms/files?path=%2F10598%2F90fb5240037ee64a9771b3639d0585df_23.05.2019.pdf
019.pdf
andex.ru/forms/files?path=%2F11913%2F140cf3b64dce239538a9ed46a952693a_08.pdf"

12.2018_1.pdf"
Платное,2019-05-23,https://connect.yandex.ru/forms/files?path=%2F42367%2F5b7342d96095c92d4d1afa7eee490449_23.05.pdf
19.pdf
019.pdf
andex.ru/forms/files?path=%2F11913%2F140cf3b64dce239538a9ed46a952693a_08.pdf"

12.2018_1.pdf"
Платное,2019-05-24,https://connect.yandex.ru/forms/files?path=%2F10598%2Fe799141661b1d062177fbc8463200a02_24.05.pdf
19.pdf
019.pdf
andex.ru/forms/files?path=%2F11913%2F140cf3b64dce239538a9ed46a952693a_08.pdf"

12.2018_1.pdf"
Дошкольное,2019-05-24,https://connect.yandex.ru/forms/files?path=%2F10597%2Ff48bdb996d0c76fc93f5a10ea3a71b2c_24.05.2019.pdf
019.pdf
andex.ru/forms/files?path=%2F11913%2F140cf3b64dce239538a9ed46a952693a_08.pdf"

12.2018_1.pdf"
Дошкольное,2019-05-29,https://connect.yandex.ru/forms/files?path=%2F42367%2F757f4379230b024f9c93320b74415c19_29.05.2019.pdf
019.pdf
andex.ru/forms/files?path=%2F11913%2F140cf3b64dce239538a9ed46a952693a_08.pdf"

12.2018_1.pdf"
Дошкольное,2019-05-30,https://connect.yandex.ru/forms/files?path=%2F42367%2Fc8f240a39174accb50f86f54f4263742_30.05.2019.pdf
019.pdf
andex.ru/forms/files?path=%2F11913%2F140cf3b64dce239538a9ed46a952693a_08.pdf"

12.2018_1.pdf"
Дошкольное,2019-06-06,https://connect.yandex.ru/forms/files?path=%2F10599%2F7787b21fb6726911f6b21542856f8f0e_06.06.2019.pdf
019.pdf
andex.ru/forms/files?path=%2F11913%2F140cf3b64dce239538a9ed46a952693a_08.pdf"

12.2018_1.pdf"
Дошкольное,2019-06-07,https://connect.yandex.ru/forms/files?path=%2F10599%2Ffdb420e1c5d1241bef767fe2b4e47eb1_07.05.2019.pdf
019.pdf
andex.ru/forms/files?path=%2F11913%2F140cf3b64dce239538a9ed46a952693a_08.pdf"

12.2018_1.pdf"
Дошкольное,2019-06-19,https://connect.yandex.ru/forms/files?path=%2F10599%2F85c90206c9ec0ac039197c8fb7293f76_19.06.2019.pdf
019.pdf
andex.ru/forms/files?path=%2F11913%2F140cf3b64dce239538a9ed46a952693a_08.pdf"

12.2018_1.pdf"
Дошкольное,2019-06-21,https://connect.yandex.ru/forms/files?path=%2F10597%2Fd5db00cd39049bc0ca7a6754925a1997_21.06.2019.pdf
019.pdf
andex.ru/forms/files?path=%2F11913%2F140cf3b64dce239538a9ed46a952693a_08.pdf"

12.2018_1.pdf"
Дошкольное,2019-06-24,https://connect.yandex.ru/forms/files?path=%2F10598%2F3a878336d5538c89c32d702ff0e60b8f_24.06.2019.pdf
019.pdf
andex.ru/forms/files?path=%2F11913%2F140cf3b64dce239538a9ed46a952693a_08.pdf"

12.2018_1.pdf"
Дошкольное,2019-06-26,https://connect.yandex.ru/forms/files?path=%2F10427%2F6c68f1ac8d6fcde3f9871d66b2cb0290_26.06.2019.pdf
019.pdf
andex.ru/forms/files?path=%2F11913%2F140cf3b64dce239538a9ed46a952693a_08.pdf"

12.2018_1.pdf"
Дошкольное,2019-08-08,"https://connect.yandex.ru/forms/files?path=%2F10600%2F3646c9178bb5596e12c67ff4925395e8_menyu_2_08.08.19.pdf
https://connect.yandex.ru/forms/files?path=%2F11913%2Fab864e3f09d18d84d1778e23c07238af_menyu_08.08.19.pdf"
Дошкольное,2019-08-09,"https://connect.yandex.ru/forms/files?path=%2F42367%2Fc74fbcc5f470769918a11bfa9635e683_menyu_2_09.08.2019.jpeg
https://connect.yandex.ru/forms/files?path=%2F10600%2F4608ff087bd30e843e01440105d5a65b_menyu_1_09.08.2019.jpeg"
Дошкольное,2019-08-12,"https://connect.yandex.ru/forms/files?path=%2F10597%2F0b357917016b0f4e19cf5943fc3cfbc3_menyu_2_12.08.19.jpeg
https://connect.yandex.ru/forms/files?path=%2F42367%2F91db71e953c84efbe536c0ffa6c065ae_menyu_1_12.08.19.jpeg"
g"
Дошкольное,2019-08-13,"https://connect.yandex.ru/forms/files?path=%2F10597%2Ff1aceeee0f838ce8c8485b5528ce2d3d_menyu1_na_13.08.pdf
https://connect.yandex.ru/forms/files?path=%2F10598%2F8c918ae8d4c8fef13225ae8b50d19e97_menyu_na_13.08.pdf"
eg"
g"
Дошкольное,2019-08-14,"https://connect.yandex.ru/forms/files?path=%2F10600%2F2e7e918b60a0ac94fbfaff308fd8f541_14.11.pdf
https://connect.yandex.ru/forms/files?path=%2F42367%2Fb511773e5a0dfed6501f9efbf545d975_14.pdf"
_menyu_na_13.08.pdf"
eg"
g"
Дошкольное,2019-08-15,"https://connect.yandex.ru/forms/files?path=%2F10598%2Fde92d41edfb846cbc311daf706af5bbc_15_1.pdf
https://connect.yandex.ru/forms/files?path=%2F10598%2F9e693671ab0435146f52b90987714c55_15_2.pdf"
menyu_na_13.08.pdf"
eg"
g"
Дошкольное,2019-08-16,"https://connect.yandex.ru/forms/files?path=%2F11913%2Fa22acc2950c0de92f4adb11a320ef58b_16.11.pdf
https://connect.yandex.ru/forms/files?path=%2F10428%2F69afae82e0a2bedc6feb1541258ca287_16.pdf"

menyu_na_13.08.pdf"
eg"
g"
Дошкольное,2019-08-19,"https://connect.yandex.ru/forms/files?path=%2F10597%2F32e604f92be4a8e03eba7e5c6748fcaf_19.11.pdf
https://connect.yandex.ru/forms/files?path=%2F10599%2F310497f9a654843d3f234b42752f97a3_19.pdf"

menyu_na_13.08.pdf"
eg"
g"
Дошкольное,2019-08-20,"https://connect.yandex.ru/forms/files?path=%2F10598%2F9315f23b596e319e5b66f1de5c928ace_20.1.pdf
https://connect.yandex.ru/forms/files?path=%2F10600%2F6ba748866b5b4bc8040448bd84811756_20.pdf"


menyu_na_13.08.pdf"
eg"
g"
Дошкольное,2019-08-21,"https://connect.yandex.ru/forms/files?path=%2F10600%2F682fc6e8b52df4351953caa0d83ea32a_21.11.pdf
https://connect.yandex.ru/forms/files?path=%2F10427%2Fda03e22df7954734ab90f4ce232e594e_21.pdf"

menyu_na_13.08.pdf"
eg"
g"
Дошкольное,2019-08-22,"https://connect.yandex.ru/forms/files?path=%2F11913%2F56651e10ff73f4627df712e8294e8025_22.11.pdf
https://connect.yandex.ru/forms/files?path=%2F10596%2F74fe115a6dc3c19dddd2e1f6a55d89c7_22.pdf"

menyu_na_13.08.pdf"
eg"
g"
Дошкольное,2019-08-23,"https://connect.yandex.ru/forms/files?path=%2F10428%2F2929877b4dc5308b31a94515ac3a9ca5_23.11.pdf
https://connect.yandex.ru/forms/files?path=%2F10596%2Fbb0a31b2ba66ac7b07f4abf03dc6bbbf_23.pdf"

menyu_na_13.08.pdf"
eg"
g"
Дошкольное,2019-08-26,"https://connect.yandex.ru/forms/files?path=%2F10428%2F292e96f2b43bdce35962c2e217989539_26.11.pdf
https://connect.yandex.ru/forms/files?path=%2F10597%2F5d39813c4646146d6fe1dd08909c23c2_26.pdf"

menyu_na_13.08.pdf"
eg"
g"
Платное,2019-09-03,https://connect.yandex.ru/forms/files?path=%2F11913%2Ff9086a8ca2df3585c459645d1cef2223_03.09.pdf
df
https://connect.yandex.ru/forms/files?path=%2F10597%2F5d39813c4646146d6fe1dd08909c23c2_26.pdf"

menyu_na_13.08.pdf"
eg"
g"
Школьное,2019-09-02,https://connect.yandex.ru/forms/files?path=%2F10427%2F9fdb4baaa07448a41776dd9e1ac5303a_02.09.2019.pdf
ps://connect.yandex.ru/forms/files?path=%2F10597%2F5d39813c4646146d6fe1dd08909c23c2_26.pdf"

menyu_na_13.08.pdf"
eg"
g"
Школьное,2019-09-03,https://connect.yandex.ru/forms/files?path=%2F10427%2Fed690c7f0bc95614d9db4a20aa4bdbca_03.09.2019.pdf
ps://connect.yandex.ru/forms/files?path=%2F10597%2F5d39813c4646146d6fe1dd08909c23c2_26.pdf"

menyu_na_13.08.pdf"
eg"
g"
Школьное,2019-09-04,https://connect.yandex.ru/forms/files?path=%2F10427%2Fd95682f9b2c6b655e8c1c41083901f7d_04.09.2019.pdf
ps://connect.yandex.ru/forms/files?path=%2F10597%2F5d39813c4646146d6fe1dd08909c23c2_26.pdf"

menyu_na_13.08.pdf"
eg"
g"
Платное,2019-09-04,https://connect.yandex.ru/forms/files?path=%2F10600%2Fe5dfb40a5836447f426b798edcd9c542_04.09.pdf
.pdf
ps://connect.yandex.ru/forms/files?path=%2F10597%2F5d39813c4646146d6fe1dd08909c23c2_26.pdf"

menyu_na_13.08.pdf"
eg"
g"
Школьное,2019-09-05,https://connect.yandex.ru/forms/files?path=%2F42367%2Fe28ad9bb8fd163fb57acb3949c624636_05.09.2019.pdf
ps://connect.yandex.ru/forms/files?path=%2F10597%2F5d39813c4646146d6fe1dd08909c23c2_26.pdf"

menyu_na_13.08.pdf"
eg"
g"
Школьное,2019-09-06,https://connect.yandex.ru/forms/files?path=%2F10597%2F862fdba1da43baff62050a276ffe0bc0_06.09.2019.pdf
ps://connect.yandex.ru/forms/files?path=%2F10597%2F5d39813c4646146d6fe1dd08909c23c2_26.pdf"

menyu_na_13.08.pdf"
eg"
g"
Платное,2019-09-06,https://connect.yandex.ru/forms/files?path=%2F42367%2Fe47339e5c0047c29d0c940f3836ee815_06.09.pdf
.pdf
ps://connect.yandex.ru/forms/files?path=%2F10597%2F5d39813c4646146d6fe1dd08909c23c2_26.pdf"

menyu_na_13.08.pdf"
eg"
g"
Школьное,2019-09-10,https://connect.yandex.ru/forms/files?path=%2F10596%2F89e088aa34d3bedc83120469b98bff30_10.09.2019.pdf
ps://connect.yandex.ru/forms/files?path=%2F10597%2F5d39813c4646146d6fe1dd08909c23c2_26.pdf"

menyu_na_13.08.pdf"
eg"
g"
Платное,2019-09-10,https://connect.yandex.ru/forms/files?path=%2F10428%2Faf0cc695f05b7196d69832e57ddb6e9b_10.09.pdf
.pdf
ps://connect.yandex.ru/forms/files?path=%2F10597%2F5d39813c4646146d6fe1dd08909c23c2_26.pdf"

menyu_na_13.08.pdf"
eg"
g"
Платное,2019-09-11,https://connect.yandex.ru/forms/files?path=%2F10428%2Fedb1274d09068c5588e86dc5d4589356_11.09.pdf
.pdf
ps://connect.yandex.ru/forms/files?path=%2F10597%2F5d39813c4646146d6fe1dd08909c23c2_26.pdf"

menyu_na_13.08.pdf"
eg"
g"
Школьное,2019-09-11,https://connect.yandex.ru/forms/files?path=%2F42367%2Fa3a7a6617ba70ca5f2c602dda236b3c0_11.09.2019.pdf
ps://connect.yandex.ru/forms/files?path=%2F10597%2F5d39813c4646146d6fe1dd08909c23c2_26.pdf"

menyu_na_13.08.pdf"
eg"
g"
Платное,2019-09-12,https://connect.yandex.ru/forms/files?path=%2F11913%2F318ab2e6a5e6ac5a042a2deb9b044608_12.09.pdf
.pdf
ps://connect.yandex.ru/forms/files?path=%2F10597%2F5d39813c4646146d6fe1dd08909c23c2_26.pdf"

menyu_na_13.08.pdf"
eg"
g"
Школьное,2019-09-12,https://connect.yandex.ru/forms/files?path=%2F10598%2Fe80c56a321d7043efe4d025d287aa0f4_12.09.2019.pdf
ps://connect.yandex.ru/forms/files?path=%2F10597%2F5d39813c4646146d6fe1dd08909c23c2_26.pdf"

menyu_na_13.08.pdf"
eg"
g"
Школьное,2019-09-13,https://connect.yandex.ru/forms/files?path=%2F10427%2Fad68dac2ffe24a653dda838b19985096_13.09.2019.pdf
ps://connect.yandex.ru/forms/files?path=%2F10597%2F5d39813c4646146d6fe1dd08909c23c2_26.pdf"

menyu_na_13.08.pdf"
eg"
g"
Платное,2019-09-13,https://connect.yandex.ru/forms/files?path=%2F10428%2Fb4499c35c4bbd97fbb053b64c7f497ec_13.09.pdf
.pdf
ps://connect.yandex.ru/forms/files?path=%2F10597%2F5d39813c4646146d6fe1dd08909c23c2_26.pdf"

menyu_na_13.08.pdf"
eg"
g"
